week1_pop,comp1_score,comp2_score,rank1,rank2,rank3,rank4,cat1,cat2,cat3,cat4,cat5,cat6,cat7,cat8,cat9,cat10,cat11,director_score,act_score,pre_score,viewer_num,like_see,screen1
1,105645636.0000 ,2277708.0000 ,0.0000 ,0.0000 ,1.0000 ,0.0000 ,1.0000 ,0.0000 ,1.0000 ,0.0000 ,0.0000 ,0.0000 ,0.0000 ,0.0000 ,0.0000 ,0.0000 ,0.0000 ,178.0000 ,505.0000 ,8.6300 ,1681.0000 ,13639.0000 ,1159.0000 
1,69620521.0000 ,0.0000 ,0.0000 ,0.0000 ,1.0000 ,0.0000 ,0.0000 ,0.0000 ,1.0000 ,0.0000 ,0.0000 ,0.0000 ,1.0000 ,0.0000 ,0.0000 ,0.0000 ,0.0000 ,93.0000 ,402.0000 ,8.2200 ,5163.0000 ,62952.0000 ,1571.0000 
1,88946120.0000 ,0.0000 ,0.0000 ,0.0000 ,1.0000 ,0.0000 ,0.0000 ,0.0000 ,0.0000 ,1.0000 ,0.0000 ,0.0000 ,0.0000 ,1.0000 ,0.0000 ,0.0000 ,0.0000 ,88.0000 ,396.0000 ,8.9900 ,748.0000 ,46891.0000 ,1268.0000 
1,88946120.0000 ,12983341.0000 ,0.0000 ,0.0000 ,1.0000 ,0.0000 ,0.0000 ,1.0000 ,1.0000 ,0.0000 ,0.0000 ,0.0000 ,0.0000 ,0.0000 ,0.0000 ,0.0000 ,0.0000 ,316.0000 ,588.0000 ,8.3000 ,918.0000 ,20846.0000 ,1264.0000 
1,88946120.0000 ,0.0000 ,0.0000 ,0.0000 ,1.0000 ,0.0000 ,1.0000 ,0.0000 ,1.0000 ,0.0000 ,0.0000 ,0.0000 ,0.0000 ,0.0000 ,0.0000 ,0.0000 ,0.0000 ,93.0000 ,368.0000 ,9.2700 ,1750.0000 ,14319.0000 ,1250.0000 
1,105645636.0000 ,8188211.0000 ,0.0000 ,0.0000 ,1.0000 ,0.0000 ,0.0000 ,1.0000 ,1.0000 ,0.0000 ,0.0000 ,0.0000 ,0.0000 ,0.0000 ,0.0000 ,0.0000 ,0.0000 ,174.0000 ,474.0000 ,8.8700 ,691.0000 ,9952.0000 ,957.0000 
1,105645636.0000 ,1160119.0000 ,0.0000 ,1.0000 ,0.0000 ,0.0000 ,0.0000 ,1.0000 ,0.0000 ,0.0000 ,0.0000 ,0.0000 ,0.0000 ,0.0000 ,0.0000 ,0.0000 ,1.0000 ,90.0000 ,435.0000 ,7.5700 ,2086.0000 ,35317.0000 ,901.0000 
1,0.0000 ,0.0000 ,0.0000 ,1.0000 ,0.0000 ,0.0000 ,0.0000 ,1.0000 ,0.0000 ,0.0000 ,0.0000 ,0.0000 ,0.0000 ,0.0000 ,0.0000 ,0.0000 ,0.0000 ,96.0000 ,431.0000 ,8.2600 ,552.0000 ,14152.0000 ,820.0000 
1,1422844.0000 ,0.0000 ,0.0000 ,0.0000 ,1.0000 ,0.0000 ,0.0000 ,1.0000 ,0.0000 ,0.0000 ,1.0000 ,0.0000 ,1.0000 ,0.0000 ,0.0000 ,0.0000 ,0.0000 ,122.0000 ,418.0000 ,8.8100 ,818.0000 ,15570.0000 ,1125.0000 
1,105645636.0000 ,0.0000 ,0.0000 ,0.0000 ,0.0000 ,1.0000 ,0.0000 ,1.0000 ,0.0000 ,0.0000 ,0.0000 ,0.0000 ,1.0000 ,0.0000 ,0.0000 ,0.0000 ,0.0000 ,52.0000 ,304.0000 ,7.9000 ,445.0000 ,21671.0000 ,1016.0000 
1,45486078.0000 ,126955.0000 ,0.0000 ,1.0000 ,0.0000 ,0.0000 ,0.0000 ,0.0000 ,0.0000 ,0.0000 ,0.0000 ,0.0000 ,0.0000 ,0.0000 ,0.0000 ,0.0000 ,1.0000 ,199.0000 ,305.0000 ,8.1100 ,1667.0000 ,4941.0000 ,786.0000 
1,88946120.0000 ,0.0000 ,0.0000 ,0.0000 ,0.0000 ,1.0000 ,0.0000 ,1.0000 ,0.0000 ,1.0000 ,0.0000 ,0.0000 ,0.0000 ,0.0000 ,0.0000 ,0.0000 ,0.0000 ,74.0000 ,340.0000 ,7.7600 ,1318.0000 ,12198.0000 ,907.0000 
1,105645636.0000 ,10107002.0000 ,0.0000 ,0.0000 ,1.0000 ,0.0000 ,0.0000 ,1.0000 ,0.0000 ,0.0000 ,1.0000 ,0.0000 ,0.0000 ,0.0000 ,0.0000 ,0.0000 ,0.0000 ,56.0000 ,246.0000 ,8.4700 ,523.0000 ,15918.0000 ,834.0000 
1,88946120.0000 ,0.0000 ,0.0000 ,1.0000 ,0.0000 ,0.0000 ,1.0000 ,0.0000 ,0.0000 ,0.0000 ,0.0000 ,0.0000 ,0.0000 ,0.0000 ,0.0000 ,0.0000 ,0.0000 ,155.0000 ,343.0000 ,8.6600 ,560.0000 ,22459.0000 ,1123.0000 
1,0.0000 ,3238456.0000 ,0.0000 ,0.0000 ,0.0000 ,1.0000 ,0.0000 ,1.0000 ,0.0000 ,0.0000 ,0.0000 ,0.0000 ,0.0000 ,0.0000 ,0.0000 ,0.0000 ,0.0000 ,191.0000 ,271.0000 ,4.3700 ,3473.0000 ,7157.0000 ,768.0000 
1,105645636.0000 ,0.0000 ,0.0000 ,1.0000 ,0.0000 ,0.0000 ,0.0000 ,1.0000 ,0.0000 ,0.0000 ,0.0000 ,0.0000 ,0.0000 ,0.0000 ,0.0000 ,0.0000 ,0.0000 ,190.0000 ,451.0000 ,8.7500 ,1236.0000 ,12784.0000 ,931.0000 
1,105645636.0000 ,7494027.0000 ,0.0000 ,1.0000 ,0.0000 ,0.0000 ,0.0000 ,1.0000 ,0.0000 ,0.0000 ,0.0000 ,0.0000 ,0.0000 ,0.0000 ,0.0000 ,0.0000 ,0.0000 ,199.0000 ,295.0000 ,8.1900 ,557.0000 ,13693.0000 ,1009.0000 
1,69620521.0000 ,0.0000 ,0.0000 ,1.0000 ,0.0000 ,0.0000 ,0.0000 ,1.0000 ,0.0000 ,0.0000 ,0.0000 ,0.0000 ,0.0000 ,0.0000 ,0.0000 ,0.0000 ,0.0000 ,62.0000 ,282.0000 ,9.4500 ,5277.0000 ,28626.0000 ,667.0000 
1,0.0000 ,0.0000 ,0.0000 ,0.0000 ,1.0000 ,0.0000 ,0.0000 ,1.0000 ,0.0000 ,0.0000 ,0.0000 ,0.0000 ,0.0000 ,0.0000 ,0.0000 ,0.0000 ,0.0000 ,0.0000 ,75.0000 ,9.6800 ,1492.0000 ,47687.0000 ,513.0000 
1,45486078.0000 ,3016929.0000 ,0.0000 ,0.0000 ,1.0000 ,0.0000 ,0.0000 ,0.0000 ,1.0000 ,1.0000 ,0.0000 ,0.0000 ,0.0000 ,0.0000 ,0.0000 ,0.0000 ,0.0000 ,0.0000 ,31.0000 ,8.8300 ,980.0000 ,24306.0000 ,641.0000 
1,88946120.0000 ,0.0000 ,0.0000 ,0.0000 ,0.0000 ,1.0000 ,0.0000 ,0.0000 ,1.0000 ,1.0000 ,0.0000 ,0.0000 ,0.0000 ,0.0000 ,0.0000 ,0.0000 ,0.0000 ,39.0000 ,339.0000 ,8.8200 ,494.0000 ,2407.0000 ,664.0000 
1,88946120.0000 ,0.0000 ,0.0000 ,0.0000 ,1.0000 ,0.0000 ,0.0000 ,1.0000 ,0.0000 ,1.0000 ,0.0000 ,0.0000 ,0.0000 ,0.0000 ,0.0000 ,0.0000 ,0.0000 ,27.0000 ,258.0000 ,8.7200 ,237.0000 ,9189.0000 ,722.0000 
1,105645636.0000 ,3490382.0000 ,0.0000 ,0.0000 ,1.0000 ,0.0000 ,0.0000 ,0.0000 ,0.0000 ,1.0000 ,0.0000 ,0.0000 ,0.0000 ,1.0000 ,0.0000 ,0.0000 ,0.0000 ,0.0000 ,163.0000 ,8.4500 ,391.0000 ,3319.0000 ,486.0000 
1,69620521.0000 ,0.0000 ,0.0000 ,0.0000 ,1.0000 ,0.0000 ,0.0000 ,1.0000 ,0.0000 ,0.0000 ,0.0000 ,0.0000 ,0.0000 ,1.0000 ,0.0000 ,0.0000 ,0.0000 ,12.0000 ,40.0000 ,9.0300 ,818.0000 ,27413.0000 ,786.0000 
1,1999624.0000 ,0.0000 ,0.0000 ,0.0000 ,0.0000 ,1.0000 ,0.0000 ,1.0000 ,0.0000 ,1.0000 ,0.0000 ,0.0000 ,0.0000 ,0.0000 ,0.0000 ,0.0000 ,0.0000 ,0.0000 ,97.0000 ,8.3400 ,195.0000 ,5953.0000 ,443.0000 
1,105645636.0000 ,0.0000 ,0.0000 ,1.0000 ,0.0000 ,0.0000 ,1.0000 ,0.0000 ,0.0000 ,0.0000 ,0.0000 ,0.0000 ,0.0000 ,0.0000 ,0.0000 ,0.0000 ,0.0000 ,0.0000 ,33.0000 ,8.8200 ,868.0000 ,20055.0000 ,747.0000 
1,88946120.0000 ,1179777.0000 ,0.0000 ,1.0000 ,0.0000 ,0.0000 ,1.0000 ,0.0000 ,0.0000 ,0.0000 ,0.0000 ,0.0000 ,0.0000 ,1.0000 ,0.0000 ,0.0000 ,1.0000 ,77.0000 ,205.0000 ,8.4600 ,314.0000 ,7406.0000 ,740.0000 
1,88946120.0000 ,0.0000 ,0.0000 ,0.0000 ,0.0000 ,1.0000 ,0.0000 ,1.0000 ,1.0000 ,0.0000 ,0.0000 ,0.0000 ,0.0000 ,0.0000 ,0.0000 ,0.0000 ,0.0000 ,27.0000 ,92.0000 ,9.3000 ,1324.0000 ,21361.0000 ,684.0000 
1,105645636.0000 ,451669.0000 ,0.0000 ,0.0000 ,1.0000 ,0.0000 ,0.0000 ,0.0000 ,0.0000 ,0.0000 ,0.0000 ,0.0000 ,0.0000 ,1.0000 ,1.0000 ,0.0000 ,0.0000 ,5.0000 ,0.0000 ,9.2800 ,959.0000 ,19766.0000 ,577.0000 
1,88946120.0000 ,0.0000 ,0.0000 ,0.0000 ,1.0000 ,0.0000 ,0.0000 ,1.0000 ,0.0000 ,0.0000 ,0.0000 ,0.0000 ,0.0000 ,1.0000 ,0.0000 ,0.0000 ,0.0000 ,0.0000 ,97.0000 ,9.3900 ,1308.0000 ,6176.0000 ,661.0000 
1,105645636.0000 ,0.0000 ,0.0000 ,0.0000 ,1.0000 ,0.0000 ,0.0000 ,0.0000 ,0.0000 ,0.0000 ,0.0000 ,0.0000 ,1.0000 ,0.0000 ,0.0000 ,0.0000 ,0.0000 ,0.0000 ,60.0000 ,8.4600 ,237.0000 ,5113.0000 ,693.0000 
1,69620521.0000 ,0.0000 ,0.0000 ,0.0000 ,0.0000 ,1.0000 ,0.0000 ,1.0000 ,0.0000 ,0.0000 ,0.0000 ,0.0000 ,0.0000 ,0.0000 ,0.0000 ,0.0000 ,0.0000 ,0.0000 ,97.0000 ,9.0000 ,1478.0000 ,7489.0000 ,580.0000 
1,88946120.0000 ,0.0000 ,0.0000 ,0.0000 ,0.0000 ,1.0000 ,0.0000 ,1.0000 ,0.0000 ,1.0000 ,0.0000 ,0.0000 ,0.0000 ,0.0000 ,0.0000 ,0.0000 ,0.0000 ,74.0000 ,254.0000 ,0.0000 ,0.0000 ,0.0000 ,595.0000 
1,105645636.0000 ,10107002.0000 ,0.0000 ,1.0000 ,0.0000 ,0.0000 ,0.0000 ,1.0000 ,0.0000 ,0.0000 ,0.0000 ,0.0000 ,0.0000 ,0.0000 ,0.0000 ,0.0000 ,0.0000 ,0.0000 ,93.0000 ,5.6100 ,3152.0000 ,15718.0000 ,612.0000 
1,69620521.0000 ,2434404.0000 ,0.0000 ,0.0000 ,1.0000 ,0.0000 ,0.0000 ,0.0000 ,1.0000 ,0.0000 ,0.0000 ,0.0000 ,1.0000 ,0.0000 ,0.0000 ,0.0000 ,0.0000 ,0.0000 ,90.0000 ,9.2500 ,524.0000 ,5205.0000 ,705.0000 
1,69620521.0000 ,2841788.0000 ,0.0000 ,1.0000 ,0.0000 ,0.0000 ,0.0000 ,0.0000 ,0.0000 ,0.0000 ,0.0000 ,0.0000 ,0.0000 ,0.0000 ,1.0000 ,0.0000 ,1.0000 ,0.0000 ,94.0000 ,5.6400 ,2677.0000 ,17219.0000 ,633.0000 
1,0.0000 ,2711083.0000 ,0.0000 ,0.0000 ,1.0000 ,0.0000 ,0.0000 ,0.0000 ,0.0000 ,0.0000 ,0.0000 ,0.0000 ,0.0000 ,1.0000 ,1.0000 ,0.0000 ,0.0000 ,0.0000 ,28.0000 ,9.1700 ,285.0000 ,8499.0000 ,577.0000 
1,105645636.0000 ,9373495.0000 ,0.0000 ,0.0000 ,1.0000 ,0.0000 ,0.0000 ,1.0000 ,1.0000 ,0.0000 ,0.0000 ,0.0000 ,0.0000 ,0.0000 ,0.0000 ,0.0000 ,0.0000 ,68.0000 ,35.0000 ,8.4500 ,339.0000 ,6179.0000 ,669.0000 
1,0.0000 ,0.0000 ,0.0000 ,0.0000 ,0.0000 ,1.0000 ,0.0000 ,1.0000 ,1.0000 ,1.0000 ,0.0000 ,0.0000 ,0.0000 ,0.0000 ,0.0000 ,0.0000 ,0.0000 ,0.0000 ,0.0000 ,9.6100 ,31.0000 ,223.0000 ,24.0000 
1,1764.0000 ,1221420.0000 ,0.0000 ,1.0000 ,0.0000 ,0.0000 ,0.0000 ,1.0000 ,0.0000 ,0.0000 ,0.0000 ,0.0000 ,0.0000 ,0.0000 ,0.0000 ,0.0000 ,0.0000 ,32.0000 ,285.0000 ,8.5700 ,553.0000 ,3728.0000 ,676.0000 
1,69620521.0000 ,6661803.0000 ,0.0000 ,1.0000 ,0.0000 ,0.0000 ,1.0000 ,0.0000 ,0.0000 ,0.0000 ,0.0000 ,0.0000 ,0.0000 ,0.0000 ,0.0000 ,0.0000 ,0.0000 ,45.0000 ,145.0000 ,8.2900 ,556.0000 ,8397.0000 ,892.0000 
1,105645636.0000 ,0.0000 ,0.0000 ,0.0000 ,1.0000 ,0.0000 ,0.0000 ,1.0000 ,0.0000 ,0.0000 ,0.0000 ,0.0000 ,0.0000 ,1.0000 ,1.0000 ,0.0000 ,0.0000 ,0.0000 ,191.0000 ,2.9500 ,7994.0000 ,12076.0000 ,757.0000 
1,0.0000 ,0.0000 ,0.0000 ,1.0000 ,0.0000 ,0.0000 ,0.0000 ,1.0000 ,0.0000 ,0.0000 ,0.0000 ,0.0000 ,0.0000 ,1.0000 ,0.0000 ,0.0000 ,0.0000 ,10.0000 ,211.0000 ,9.0700 ,993.0000 ,8508.0000 ,596.0000 
1,1999624.0000 ,1113838.0000 ,0.0000 ,0.0000 ,1.0000 ,0.0000 ,0.0000 ,0.0000 ,0.0000 ,0.0000 ,0.0000 ,0.0000 ,1.0000 ,0.0000 ,0.0000 ,0.0000 ,0.0000 ,0.0000 ,161.0000 ,9.3000 ,253.0000 ,5658.0000 ,510.0000 
1,69620521.0000 ,0.0000 ,0.0000 ,0.0000 ,1.0000 ,0.0000 ,0.0000 ,1.0000 ,0.0000 ,1.0000 ,0.0000 ,0.0000 ,0.0000 ,0.0000 ,0.0000 ,0.0000 ,0.0000 ,0.0000 ,194.0000 ,8.8500 ,374.0000 ,3052.0000 ,675.0000 
1,69620521.0000 ,0.0000 ,0.0000 ,0.0000 ,1.0000 ,0.0000 ,0.0000 ,0.0000 ,1.0000 ,0.0000 ,0.0000 ,0.0000 ,0.0000 ,0.0000 ,0.0000 ,0.0000 ,0.0000 ,0.0000 ,421.0000 ,8.7600 ,566.0000 ,4634.0000 ,618.0000 
1,0.0000 ,6930220.0000 ,0.0000 ,0.0000 ,1.0000 ,0.0000 ,0.0000 ,0.0000 ,0.0000 ,0.0000 ,0.0000 ,0.0000 ,0.0000 ,0.0000 ,0.0000 ,0.0000 ,1.0000 ,0.0000 ,327.0000 ,8.4600 ,262.0000 ,7780.0000 ,493.0000 
1,69620521.0000 ,0.0000 ,0.0000 ,1.0000 ,0.0000 ,0.0000 ,0.0000 ,1.0000 ,0.0000 ,0.0000 ,0.0000 ,0.0000 ,0.0000 ,0.0000 ,0.0000 ,0.0000 ,1.0000 ,54.0000 ,0.0000 ,9.0600 ,684.0000 ,8257.0000 ,840.0000 
1,0.0000 ,0.0000 ,0.0000 ,0.0000 ,1.0000 ,0.0000 ,0.0000 ,0.0000 ,1.0000 ,1.0000 ,0.0000 ,0.0000 ,0.0000 ,0.0000 ,0.0000 ,0.0000 ,0.0000 ,0.0000 ,64.0000 ,7.9300 ,255.0000 ,2973.0000 ,607.0000 
1,45486078.0000 ,6729669.0000 ,0.0000 ,0.0000 ,0.0000 ,1.0000 ,1.0000 ,0.0000 ,0.0000 ,0.0000 ,0.0000 ,0.0000 ,0.0000 ,0.0000 ,0.0000 ,0.0000 ,0.0000 ,43.0000 ,3.0000 ,8.3100 ,578.0000 ,4570.0000 ,674.0000 
1,69620521.0000 ,0.0000 ,0.0000 ,1.0000 ,0.0000 ,0.0000 ,0.0000 ,1.0000 ,0.0000 ,0.0000 ,0.0000 ,0.0000 ,0.0000 ,0.0000 ,0.0000 ,0.0000 ,0.0000 ,0.0000 ,377.0000 ,9.0100 ,788.0000 ,10731.0000 ,584.0000 
1,0.0000 ,0.0000 ,0.0000 ,0.0000 ,1.0000 ,0.0000 ,1.0000 ,1.0000 ,0.0000 ,0.0000 ,0.0000 ,0.0000 ,0.0000 ,0.0000 ,0.0000 ,0.0000 ,0.0000 ,0.0000 ,173.0000 ,8.7600 ,526.0000 ,8746.0000 ,466.0000 
1,0.0000 ,0.0000 ,0.0000 ,0.0000 ,1.0000 ,0.0000 ,0.0000 ,0.0000 ,0.0000 ,0.0000 ,0.0000 ,0.0000 ,1.0000 ,0.0000 ,0.0000 ,0.0000 ,0.0000 ,0.0000 ,134.0000 ,8.9200 ,379.0000 ,7164.0000 ,673.0000 
1,0.0000 ,2095592.0000 ,0.0000 ,0.0000 ,0.0000 ,1.0000 ,0.0000 ,0.0000 ,0.0000 ,1.0000 ,0.0000 ,0.0000 ,1.0000 ,0.0000 ,0.0000 ,0.0000 ,0.0000 ,0.0000 ,123.0000 ,8.6200 ,260.0000 ,8238.0000 ,481.0000 
1,45486078.0000 ,2277708.0000 ,0.0000 ,0.0000 ,1.0000 ,0.0000 ,0.0000 ,0.0000 ,1.0000 ,0.0000 ,0.0000 ,0.0000 ,0.0000 ,0.0000 ,0.0000 ,0.0000 ,0.0000 ,0.0000 ,213.0000 ,8.3100 ,396.0000 ,5209.0000 ,696.0000 
1,1764.0000 ,0.0000 ,0.0000 ,0.0000 ,0.0000 ,1.0000 ,0.0000 ,0.0000 ,0.0000 ,0.0000 ,1.0000 ,0.0000 ,1.0000 ,0.0000 ,0.0000 ,0.0000 ,0.0000 ,0.0000 ,24.0000 ,8.1600 ,116.0000 ,4353.0000 ,424.0000 
1,0.0000 ,0.0000 ,0.0000 ,1.0000 ,0.0000 ,0.0000 ,0.0000 ,0.0000 ,0.0000 ,0.0000 ,0.0000 ,0.0000 ,0.0000 ,1.0000 ,1.0000 ,0.0000 ,0.0000 ,0.0000 ,30.0000 ,9.1700 ,365.0000 ,11032.0000 ,614.0000 
1,45486078.0000 ,11379904.0000 ,0.0000 ,1.0000 ,0.0000 ,0.0000 ,0.0000 ,1.0000 ,0.0000 ,0.0000 ,0.0000 ,0.0000 ,0.0000 ,0.0000 ,0.0000 ,0.0000 ,0.0000 ,0.0000 ,132.0000 ,7.7800 ,408.0000 ,13233.0000 ,596.0000 
1,0.0000 ,0.0000 ,0.0000 ,1.0000 ,0.0000 ,0.0000 ,0.0000 ,1.0000 ,0.0000 ,0.0000 ,0.0000 ,0.0000 ,0.0000 ,0.0000 ,0.0000 ,0.0000 ,0.0000 ,0.0000 ,141.0000 ,8.9700 ,1749.0000 ,7290.0000 ,562.0000 
1,481696.0000 ,7227406.0000 ,0.0000 ,1.0000 ,0.0000 ,0.0000 ,0.0000 ,1.0000 ,0.0000 ,0.0000 ,0.0000 ,0.0000 ,0.0000 ,0.0000 ,0.0000 ,0.0000 ,0.0000 ,0.0000 ,152.0000 ,9.6700 ,8786.0000 ,48999.0000 ,533.0000 
1,88946120.0000 ,0.0000 ,0.0000 ,1.0000 ,0.0000 ,0.0000 ,0.0000 ,1.0000 ,0.0000 ,0.0000 ,0.0000 ,0.0000 ,0.0000 ,1.0000 ,0.0000 ,0.0000 ,0.0000 ,0.0000 ,121.0000 ,8.3400 ,169.0000 ,5789.0000 ,517.0000 
1,45486078.0000 ,126955.0000 ,0.0000 ,1.0000 ,0.0000 ,0.0000 ,0.0000 ,1.0000 ,0.0000 ,0.0000 ,0.0000 ,0.0000 ,0.0000 ,0.0000 ,0.0000 ,0.0000 ,1.0000 ,0.0000 ,149.0000 ,8.1200 ,1103.0000 ,4085.0000 ,499.0000 
1,45486078.0000 ,0.0000 ,0.0000 ,0.0000 ,1.0000 ,0.0000 ,0.0000 ,0.0000 ,0.0000 ,0.0000 ,0.0000 ,0.0000 ,1.0000 ,0.0000 ,0.0000 ,0.0000 ,0.0000 ,0.0000 ,31.0000 ,8.4800 ,277.0000 ,2717.0000 ,776.0000 
1,0.0000 ,0.0000 ,0.0000 ,1.0000 ,0.0000 ,0.0000 ,0.0000 ,1.0000 ,0.0000 ,0.0000 ,0.0000 ,0.0000 ,0.0000 ,0.0000 ,1.0000 ,0.0000 ,0.0000 ,0.0000 ,0.0000 ,9.2200 ,858.0000 ,15600.0000 ,640.0000 
1,88946120.0000 ,175153.0000 ,0.0000 ,0.0000 ,1.0000 ,0.0000 ,0.0000 ,0.0000 ,0.0000 ,0.0000 ,0.0000 ,0.0000 ,0.0000 ,0.0000 ,1.0000 ,0.0000 ,0.0000 ,0.0000 ,93.0000 ,8.3200 ,285.0000 ,8071.0000 ,592.0000 
1,1764.0000 ,252475.0000 ,0.0000 ,0.0000 ,1.0000 ,0.0000 ,0.0000 ,0.0000 ,0.0000 ,0.0000 ,0.0000 ,0.0000 ,0.0000 ,1.0000 ,0.0000 ,0.0000 ,0.0000 ,0.0000 ,34.0000 ,8.5700 ,609.0000 ,4930.0000 ,413.0000 
1,69620521.0000 ,0.0000 ,0.0000 ,0.0000 ,1.0000 ,0.0000 ,0.0000 ,1.0000 ,0.0000 ,0.0000 ,0.0000 ,0.0000 ,0.0000 ,1.0000 ,0.0000 ,0.0000 ,0.0000 ,0.0000 ,0.0000 ,6.4300 ,2228.0000 ,39795.0000 ,518.0000 
1,0.0000 ,0.0000 ,0.0000 ,0.0000 ,0.0000 ,1.0000 ,1.0000 ,1.0000 ,0.0000 ,0.0000 ,0.0000 ,0.0000 ,0.0000 ,0.0000 ,0.0000 ,0.0000 ,0.0000 ,0.0000 ,81.0000 ,8.9000 ,296.0000 ,7092.0000 ,512.0000 
1,0.0000 ,357116.0000 ,0.0000 ,0.0000 ,1.0000 ,0.0000 ,1.0000 ,0.0000 ,1.0000 ,0.0000 ,0.0000 ,0.0000 ,0.0000 ,0.0000 ,0.0000 ,0.0000 ,0.0000 ,0.0000 ,143.0000 ,6.5400 ,1249.0000 ,5465.0000 ,572.0000 
1,69620521.0000 ,0.0000 ,0.0000 ,0.0000 ,0.0000 ,1.0000 ,0.0000 ,0.0000 ,0.0000 ,0.0000 ,0.0000 ,0.0000 ,1.0000 ,0.0000 ,0.0000 ,0.0000 ,0.0000 ,0.0000 ,161.0000 ,9.3700 ,742.0000 ,3993.0000 ,463.0000 
1,0.0000 ,0.0000 ,0.0000 ,0.0000 ,1.0000 ,0.0000 ,0.0000 ,0.0000 ,0.0000 ,0.0000 ,0.0000 ,0.0000 ,0.0000 ,0.0000 ,1.0000 ,0.0000 ,0.0000 ,0.0000 ,183.0000 ,8.3800 ,242.0000 ,6851.0000 ,503.0000 
1,69620521.0000 ,0.0000 ,0.0000 ,0.0000 ,1.0000 ,0.0000 ,0.0000 ,1.0000 ,0.0000 ,0.0000 ,0.0000 ,0.0000 ,0.0000 ,0.0000 ,0.0000 ,0.0000 ,0.0000 ,0.0000 ,317.0000 ,9.2500 ,444.0000 ,8738.0000 ,550.0000 
1,0.0000 ,0.0000 ,0.0000 ,0.0000 ,0.0000 ,1.0000 ,0.0000 ,0.0000 ,0.0000 ,0.0000 ,0.0000 ,0.0000 ,0.0000 ,0.0000 ,1.0000 ,0.0000 ,0.0000 ,0.0000 ,150.0000 ,8.0300 ,285.0000 ,7380.0000 ,536.0000 
1,481696.0000 ,20599.0000 ,0.0000 ,0.0000 ,1.0000 ,0.0000 ,0.0000 ,0.0000 ,0.0000 ,0.0000 ,1.0000 ,0.0000 ,1.0000 ,0.0000 ,0.0000 ,0.0000 ,0.0000 ,0.0000 ,0.0000 ,8.2000 ,259.0000 ,3593.0000 ,382.0000 
1,0.0000 ,0.0000 ,0.0000 ,0.0000 ,1.0000 ,0.0000 ,0.0000 ,1.0000 ,0.0000 ,0.0000 ,0.0000 ,0.0000 ,0.0000 ,0.0000 ,0.0000 ,0.0000 ,0.0000 ,0.0000 ,318.0000 ,8.4600 ,980.0000 ,2953.0000 ,637.0000 
1,0.0000 ,0.0000 ,0.0000 ,1.0000 ,0.0000 ,0.0000 ,0.0000 ,1.0000 ,0.0000 ,0.0000 ,0.0000 ,0.0000 ,0.0000 ,0.0000 ,0.0000 ,0.0000 ,0.0000 ,0.0000 ,88.0000 ,9.1700 ,830.0000 ,5859.0000 ,600.0000 
1,1764.0000 ,118008.0000 ,0.0000 ,1.0000 ,0.0000 ,0.0000 ,0.0000 ,1.0000 ,0.0000 ,0.0000 ,0.0000 ,0.0000 ,0.0000 ,0.0000 ,0.0000 ,0.0000 ,0.0000 ,155.0000 ,12.0000 ,9.2600 ,241.0000 ,8002.0000 ,374.0000 
1,0.0000 ,0.0000 ,0.0000 ,0.0000 ,1.0000 ,0.0000 ,0.0000 ,0.0000 ,1.0000 ,0.0000 ,0.0000 ,0.0000 ,0.0000 ,0.0000 ,0.0000 ,0.0000 ,0.0000 ,0.0000 ,0.0000 ,8.3900 ,284.0000 ,3298.0000 ,405.0000 
1,69620521.0000 ,0.0000 ,0.0000 ,0.0000 ,0.0000 ,1.0000 ,0.0000 ,0.0000 ,0.0000 ,0.0000 ,0.0000 ,0.0000 ,0.0000 ,1.0000 ,0.0000 ,0.0000 ,0.0000 ,0.0000 ,72.0000 ,7.8200 ,270.0000 ,6556.0000 ,368.0000 
1,0.0000 ,0.0000 ,0.0000 ,0.0000 ,1.0000 ,0.0000 ,0.0000 ,1.0000 ,0.0000 ,0.0000 ,1.0000 ,0.0000 ,0.0000 ,0.0000 ,0.0000 ,0.0000 ,0.0000 ,0.0000 ,169.0000 ,8.7700 ,227.0000 ,8640.0000 ,476.0000 
1,0.0000 ,10043942.0000 ,0.0000 ,0.0000 ,1.0000 ,0.0000 ,0.0000 ,1.0000 ,0.0000 ,0.0000 ,0.0000 ,0.0000 ,0.0000 ,0.0000 ,0.0000 ,0.0000 ,0.0000 ,0.0000 ,27.0000 ,9.1600 ,421.0000 ,6860.0000 ,430.0000 
1,1999624.0000 ,6661803.0000 ,0.0000 ,0.0000 ,0.0000 ,1.0000 ,0.0000 ,0.0000 ,0.0000 ,0.0000 ,0.0000 ,0.0000 ,0.0000 ,0.0000 ,1.0000 ,0.0000 ,0.0000 ,0.0000 ,0.0000 ,9.5300 ,202.0000 ,4059.0000 ,482.0000 
1,0.0000 ,0.0000 ,0.0000 ,0.0000 ,1.0000 ,0.0000 ,0.0000 ,0.0000 ,0.0000 ,0.0000 ,0.0000 ,0.0000 ,0.0000 ,1.0000 ,1.0000 ,0.0000 ,0.0000 ,0.0000 ,21.0000 ,8.8500 ,366.0000 ,2757.0000 ,341.0000 
1,0.0000 ,0.0000 ,0.0000 ,0.0000 ,0.0000 ,1.0000 ,0.0000 ,1.0000 ,0.0000 ,1.0000 ,0.0000 ,0.0000 ,0.0000 ,0.0000 ,0.0000 ,0.0000 ,0.0000 ,0.0000 ,0.0000 ,7.9400 ,192.0000 ,2153.0000 ,348.0000 
1,0.0000 ,0.0000 ,0.0000 ,0.0000 ,1.0000 ,0.0000 ,0.0000 ,1.0000 ,0.0000 ,0.0000 ,0.0000 ,0.0000 ,0.0000 ,0.0000 ,0.0000 ,0.0000 ,1.0000 ,0.0000 ,0.0000 ,8.9900 ,466.0000 ,6385.0000 ,483.0000 
1,0.0000 ,1048280.0000 ,0.0000 ,0.0000 ,1.0000 ,0.0000 ,1.0000 ,1.0000 ,0.0000 ,0.0000 ,0.0000 ,0.0000 ,0.0000 ,0.0000 ,0.0000 ,0.0000 ,0.0000 ,0.0000 ,94.0000 ,6.0800 ,2071.0000 ,9015.0000 ,557.0000 
1,13012838.0000 ,126955.0000 ,0.0000 ,0.0000 ,1.0000 ,0.0000 ,0.0000 ,1.0000 ,0.0000 ,0.0000 ,0.0000 ,0.0000 ,0.0000 ,0.0000 ,0.0000 ,0.0000 ,0.0000 ,0.0000 ,161.0000 ,6.9500 ,1147.0000 ,5222.0000 ,378.0000 
1,0.0000 ,0.0000 ,0.0000 ,1.0000 ,0.0000 ,0.0000 ,1.0000 ,1.0000 ,0.0000 ,0.0000 ,0.0000 ,0.0000 ,0.0000 ,0.0000 ,0.0000 ,0.0000 ,0.0000 ,59.0000 ,371.0000 ,8.2200 ,1864.0000 ,20348.0000 ,774.0000 
1,69620521.0000 ,0.0000 ,0.0000 ,0.0000 ,1.0000 ,0.0000 ,0.0000 ,1.0000 ,0.0000 ,0.0000 ,0.0000 ,0.0000 ,0.0000 ,1.0000 ,0.0000 ,0.0000 ,0.0000 ,0.0000 ,0.0000 ,8.9000 ,336.0000 ,3408.0000 ,521.0000 
1,0.0000 ,0.0000 ,0.0000 ,1.0000 ,0.0000 ,0.0000 ,1.0000 ,1.0000 ,0.0000 ,0.0000 ,0.0000 ,0.0000 ,0.0000 ,0.0000 ,0.0000 ,0.0000 ,0.0000 ,0.0000 ,239.0000 ,7.8100 ,982.0000 ,12459.0000 ,544.0000 
1,0.0000 ,0.0000 ,0.0000 ,0.0000 ,0.0000 ,1.0000 ,0.0000 ,0.0000 ,0.0000 ,1.0000 ,0.0000 ,0.0000 ,1.0000 ,0.0000 ,0.0000 ,0.0000 ,0.0000 ,0.0000 ,0.0000 ,8.1000 ,309.0000 ,2023.0000 ,359.0000 
1,0.0000 ,0.0000 ,0.0000 ,0.0000 ,0.0000 ,1.0000 ,0.0000 ,0.0000 ,0.0000 ,0.0000 ,0.0000 ,0.0000 ,1.0000 ,0.0000 ,0.0000 ,0.0000 ,0.0000 ,0.0000 ,151.0000 ,8.7300 ,173.0000 ,3971.0000 ,463.0000 
1,481696.0000 ,10043942.0000 ,0.0000 ,1.0000 ,0.0000 ,0.0000 ,0.0000 ,1.0000 ,0.0000 ,0.0000 ,0.0000 ,0.0000 ,0.0000 ,0.0000 ,0.0000 ,0.0000 ,0.0000 ,0.0000 ,0.0000 ,9.2900 ,1102.0000 ,31698.0000 ,467.0000 
1,0.0000 ,0.0000 ,1.0000 ,0.0000 ,0.0000 ,0.0000 ,0.0000 ,0.0000 ,0.0000 ,0.0000 ,0.0000 ,0.0000 ,0.0000 ,0.0000 ,0.0000 ,1.0000 ,0.0000 ,0.0000 ,0.0000 ,9.2500 ,32.0000 ,1719.0000 ,341.0000 
1,0.0000 ,0.0000 ,0.0000 ,0.0000 ,1.0000 ,0.0000 ,0.0000 ,0.0000 ,0.0000 ,0.0000 ,0.0000 ,0.0000 ,0.0000 ,1.0000 ,1.0000 ,0.0000 ,0.0000 ,0.0000 ,0.0000 ,8.8500 ,258.0000 ,4017.0000 ,375.0000 
1,0.0000 ,0.0000 ,1.0000 ,0.0000 ,0.0000 ,0.0000 ,0.0000 ,0.0000 ,0.0000 ,0.0000 ,0.0000 ,0.0000 ,0.0000 ,1.0000 ,0.0000 ,1.0000 ,1.0000 ,0.0000 ,0.0000 ,9.4200 ,96.0000 ,646.0000 ,191.0000 
1,0.0000 ,0.0000 ,0.0000 ,0.0000 ,1.0000 ,0.0000 ,0.0000 ,1.0000 ,0.0000 ,0.0000 ,0.0000 ,0.0000 ,1.0000 ,0.0000 ,0.0000 ,0.0000 ,0.0000 ,0.0000 ,0.0000 ,9.4000 ,86.0000 ,5302.0000 ,353.0000 
1,69620521.0000 ,931397.0000 ,1.0000 ,0.0000 ,0.0000 ,0.0000 ,0.0000 ,0.0000 ,0.0000 ,0.0000 ,0.0000 ,0.0000 ,0.0000 ,0.0000 ,0.0000 ,1.0000 ,0.0000 ,0.0000 ,0.0000 ,9.7600 ,160.0000 ,1000.0000 ,363.0000 
1,0.0000 ,0.0000 ,0.0000 ,0.0000 ,0.0000 ,1.0000 ,0.0000 ,0.0000 ,0.0000 ,0.0000 ,0.0000 ,0.0000 ,0.0000 ,1.0000 ,1.0000 ,0.0000 ,0.0000 ,0.0000 ,74.0000 ,8.7300 ,98.0000 ,1176.0000 ,390.0000 
1,88946120.0000 ,4225058.0000 ,0.0000 ,0.0000 ,0.0000 ,1.0000 ,0.0000 ,0.0000 ,0.0000 ,0.0000 ,0.0000 ,0.0000 ,0.0000 ,0.0000 ,1.0000 ,0.0000 ,0.0000 ,0.0000 ,172.0000 ,8.4900 ,260.0000 ,10545.0000 ,424.0000 
1,0.0000 ,1726227.0000 ,1.0000 ,0.0000 ,0.0000 ,0.0000 ,0.0000 ,1.0000 ,0.0000 ,0.0000 ,0.0000 ,0.0000 ,0.0000 ,0.0000 ,0.0000 ,0.0000 ,1.0000 ,0.0000 ,6.0000 ,9.2700 ,467.0000 ,5046.0000 ,205.0000 
1,0.0000 ,0.0000 ,0.0000 ,0.0000 ,1.0000 ,0.0000 ,0.0000 ,0.0000 ,0.0000 ,0.0000 ,0.0000 ,0.0000 ,1.0000 ,1.0000 ,0.0000 ,0.0000 ,0.0000 ,0.0000 ,0.0000 ,8.4700 ,248.0000 ,1647.0000 ,327.0000 
2,0.0000 ,0.0000 ,0.0000 ,1.0000 ,0.0000 ,0.0000 ,0.0000 ,1.0000 ,0.0000 ,0.0000 ,0.0000 ,0.0000 ,0.0000 ,0.0000 ,1.0000 ,0.0000 ,0.0000 ,0.0000 ,0.0000 ,9.3500 ,55.0000 ,390.0000 ,14.0000 
2,0.0000 ,0.0000 ,0.0000 ,1.0000 ,0.0000 ,0.0000 ,0.0000 ,0.0000 ,0.0000 ,0.0000 ,0.0000 ,0.0000 ,0.0000 ,1.0000 ,0.0000 ,0.0000 ,0.0000 ,0.0000 ,186.0000 ,9.0100 ,187.0000 ,2352.0000 ,466.0000 
2,391560.0000 ,3549.0000 ,0.0000 ,0.0000 ,1.0000 ,0.0000 ,0.0000 ,1.0000 ,0.0000 ,0.0000 ,0.0000 ,0.0000 ,0.0000 ,0.0000 ,0.0000 ,0.0000 ,0.0000 ,0.0000 ,0.0000 ,9.4600 ,938.0000 ,26181.0000 ,424.0000 
2,0.0000 ,0.0000 ,0.0000 ,1.0000 ,0.0000 ,0.0000 ,0.0000 ,1.0000 ,0.0000 ,0.0000 ,0.0000 ,0.0000 ,0.0000 ,1.0000 ,0.0000 ,0.0000 ,1.0000 ,0.0000 ,183.0000 ,9.3700 ,491.0000 ,3445.0000 ,324.0000 
2,0.0000 ,0.0000 ,0.0000 ,0.0000 ,1.0000 ,0.0000 ,0.0000 ,0.0000 ,0.0000 ,0.0000 ,0.0000 ,0.0000 ,0.0000 ,0.0000 ,0.0000 ,1.0000 ,0.0000 ,93.0000 ,440.0000 ,7.4000 ,414.0000 ,16956.0000 ,427.0000 
2,0.0000 ,0.0000 ,0.0000 ,0.0000 ,0.0000 ,1.0000 ,0.0000 ,0.0000 ,0.0000 ,0.0000 ,0.0000 ,0.0000 ,0.0000 ,1.0000 ,1.0000 ,0.0000 ,0.0000 ,0.0000 ,7.0000 ,3.9200 ,2794.0000 ,4677.0000 ,296.0000 
2,0.0000 ,0.0000 ,0.0000 ,0.0000 ,0.0000 ,1.0000 ,0.0000 ,1.0000 ,1.0000 ,1.0000 ,0.0000 ,0.0000 ,0.0000 ,0.0000 ,0.0000 ,0.0000 ,0.0000 ,0.0000 ,83.0000 ,9.0400 ,320.0000 ,1791.0000 ,384.0000 
2,0.0000 ,0.0000 ,0.0000 ,0.0000 ,1.0000 ,0.0000 ,0.0000 ,0.0000 ,0.0000 ,1.0000 ,0.0000 ,0.0000 ,0.0000 ,0.0000 ,1.0000 ,0.0000 ,0.0000 ,0.0000 ,164.0000 ,8.7300 ,240.0000 ,4687.0000 ,385.0000 
2,0.0000 ,0.0000 ,0.0000 ,0.0000 ,0.0000 ,1.0000 ,0.0000 ,0.0000 ,0.0000 ,0.0000 ,0.0000 ,0.0000 ,1.0000 ,0.0000 ,0.0000 ,0.0000 ,1.0000 ,0.0000 ,213.0000 ,7.2900 ,726.0000 ,5589.0000 ,279.0000 
2,0.0000 ,0.0000 ,0.0000 ,0.0000 ,1.0000 ,0.0000 ,0.0000 ,0.0000 ,0.0000 ,0.0000 ,0.0000 ,0.0000 ,1.0000 ,0.0000 ,0.0000 ,0.0000 ,1.0000 ,0.0000 ,0.0000 ,8.4100 ,188.0000 ,1993.0000 ,331.0000 
2,0.0000 ,0.0000 ,1.0000 ,0.0000 ,0.0000 ,0.0000 ,0.0000 ,0.0000 ,0.0000 ,0.0000 ,0.0000 ,1.0000 ,0.0000 ,0.0000 ,0.0000 ,0.0000 ,0.0000 ,49.0000 ,98.0000 ,9.8000 ,192.0000 ,8651.0000 ,186.0000 
2,481696.0000 ,7227406.0000 ,0.0000 ,0.0000 ,0.0000 ,1.0000 ,0.0000 ,1.0000 ,0.0000 ,0.0000 ,0.0000 ,0.0000 ,0.0000 ,0.0000 ,0.0000 ,0.0000 ,0.0000 ,0.0000 ,92.0000 ,8.3500 ,230.0000 ,3583.0000 ,315.0000 
2,0.0000 ,0.0000 ,1.0000 ,0.0000 ,0.0000 ,0.0000 ,0.0000 ,0.0000 ,0.0000 ,0.0000 ,0.0000 ,0.0000 ,0.0000 ,0.0000 ,0.0000 ,1.0000 ,0.0000 ,0.0000 ,0.0000 ,9.7600 ,34.0000 ,2052.0000 ,166.0000 
2,0.0000 ,6729669.0000 ,0.0000 ,0.0000 ,1.0000 ,0.0000 ,0.0000 ,0.0000 ,0.0000 ,0.0000 ,0.0000 ,0.0000 ,0.0000 ,0.0000 ,0.0000 ,0.0000 ,1.0000 ,0.0000 ,2.0000 ,7.4700 ,174.0000 ,1951.0000 ,312.0000 
2,0.0000 ,0.0000 ,0.0000 ,1.0000 ,0.0000 ,0.0000 ,0.0000 ,1.0000 ,0.0000 ,0.0000 ,0.0000 ,0.0000 ,0.0000 ,1.0000 ,0.0000 ,0.0000 ,0.0000 ,0.0000 ,83.0000 ,8.9600 ,536.0000 ,8894.0000 ,365.0000 
2,0.0000 ,0.0000 ,1.0000 ,0.0000 ,0.0000 ,0.0000 ,0.0000 ,0.0000 ,0.0000 ,0.0000 ,0.0000 ,0.0000 ,0.0000 ,0.0000 ,0.0000 ,1.0000 ,0.0000 ,0.0000 ,0.0000 ,9.6600 ,102.0000 ,720.0000 ,262.0000 
2,0.0000 ,0.0000 ,1.0000 ,0.0000 ,0.0000 ,0.0000 ,0.0000 ,0.0000 ,0.0000 ,0.0000 ,0.0000 ,0.0000 ,0.0000 ,0.0000 ,0.0000 ,1.0000 ,0.0000 ,0.0000 ,0.0000 ,9.6900 ,291.0000 ,1247.0000 ,176.0000 
2,0.0000 ,0.0000 ,1.0000 ,0.0000 ,0.0000 ,0.0000 ,0.0000 ,0.0000 ,0.0000 ,0.0000 ,0.0000 ,0.0000 ,0.0000 ,0.0000 ,0.0000 ,1.0000 ,0.0000 ,0.0000 ,0.0000 ,9.4300 ,512.0000 ,708.0000 ,215.0000 
2,0.0000 ,130625.0000 ,1.0000 ,0.0000 ,0.0000 ,0.0000 ,0.0000 ,0.0000 ,0.0000 ,0.0000 ,0.0000 ,1.0000 ,0.0000 ,0.0000 ,0.0000 ,1.0000 ,0.0000 ,0.0000 ,0.0000 ,8.9500 ,82.0000 ,606.0000 ,231.0000 
2,433298.0000 ,0.0000 ,0.0000 ,0.0000 ,1.0000 ,0.0000 ,0.0000 ,0.0000 ,0.0000 ,0.0000 ,0.0000 ,0.0000 ,1.0000 ,0.0000 ,0.0000 ,0.0000 ,1.0000 ,0.0000 ,137.0000 ,7.2900 ,320.0000 ,2869.0000 ,264.0000 
2,0.0000 ,0.0000 ,0.0000 ,0.0000 ,0.0000 ,1.0000 ,0.0000 ,0.0000 ,0.0000 ,0.0000 ,0.0000 ,0.0000 ,0.0000 ,1.0000 ,0.0000 ,0.0000 ,0.0000 ,0.0000 ,0.0000 ,7.3000 ,249.0000 ,2529.0000 ,297.0000 
2,481696.0000 ,41.0000 ,0.0000 ,0.0000 ,1.0000 ,0.0000 ,0.0000 ,0.0000 ,0.0000 ,0.0000 ,0.0000 ,0.0000 ,0.0000 ,1.0000 ,1.0000 ,0.0000 ,0.0000 ,0.0000 ,83.0000 ,2.9000 ,1610.0000 ,9148.0000 ,380.0000 
2,0.0000 ,0.0000 ,1.0000 ,0.0000 ,0.0000 ,0.0000 ,0.0000 ,0.0000 ,0.0000 ,0.0000 ,0.0000 ,0.0000 ,0.0000 ,0.0000 ,0.0000 ,0.0000 ,1.0000 ,2.0000 ,0.0000 ,8.3100 ,335.0000 ,998.0000 ,362.0000 
2,0.0000 ,0.0000 ,0.0000 ,0.0000 ,1.0000 ,0.0000 ,0.0000 ,0.0000 ,1.0000 ,0.0000 ,0.0000 ,0.0000 ,0.0000 ,1.0000 ,0.0000 ,0.0000 ,0.0000 ,0.0000 ,30.0000 ,7.8400 ,292.0000 ,5748.0000 ,198.0000 
2,0.0000 ,0.0000 ,1.0000 ,0.0000 ,0.0000 ,0.0000 ,0.0000 ,0.0000 ,0.0000 ,0.0000 ,0.0000 ,0.0000 ,0.0000 ,0.0000 ,0.0000 ,1.0000 ,0.0000 ,0.0000 ,0.0000 ,9.2100 ,80.0000 ,300.0000 ,181.0000 
2,0.0000 ,0.0000 ,0.0000 ,0.0000 ,1.0000 ,0.0000 ,0.0000 ,1.0000 ,0.0000 ,0.0000 ,1.0000 ,0.0000 ,0.0000 ,0.0000 ,0.0000 ,0.0000 ,0.0000 ,0.0000 ,146.0000 ,9.2300 ,26.0000 ,380.0000 ,305.0000 
2,0.0000 ,0.0000 ,0.0000 ,1.0000 ,0.0000 ,0.0000 ,0.0000 ,1.0000 ,0.0000 ,0.0000 ,0.0000 ,0.0000 ,0.0000 ,0.0000 ,0.0000 ,0.0000 ,0.0000 ,0.0000 ,0.0000 ,8.6600 ,131.0000 ,1296.0000 ,185.0000 
2,88946120.0000 ,0.0000 ,0.0000 ,0.0000 ,1.0000 ,0.0000 ,0.0000 ,1.0000 ,0.0000 ,0.0000 ,0.0000 ,0.0000 ,0.0000 ,0.0000 ,0.0000 ,0.0000 ,0.0000 ,3.0000 ,0.0000 ,8.4900 ,86.0000 ,1682.0000 ,333.0000 
2,0.0000 ,0.0000 ,0.0000 ,0.0000 ,0.0000 ,1.0000 ,0.0000 ,0.0000 ,0.0000 ,0.0000 ,0.0000 ,0.0000 ,0.0000 ,1.0000 ,1.0000 ,0.0000 ,0.0000 ,0.0000 ,24.0000 ,8.9700 ,112.0000 ,514.0000 ,175.0000 
2,0.0000 ,0.0000 ,0.0000 ,0.0000 ,0.0000 ,1.0000 ,0.0000 ,0.0000 ,0.0000 ,0.0000 ,0.0000 ,0.0000 ,1.0000 ,0.0000 ,0.0000 ,0.0000 ,0.0000 ,0.0000 ,0.0000 ,6.5200 ,135.0000 ,613.0000 ,252.0000 
2,481696.0000 ,0.0000 ,1.0000 ,0.0000 ,0.0000 ,0.0000 ,0.0000 ,0.0000 ,0.0000 ,0.0000 ,0.0000 ,0.0000 ,0.0000 ,0.0000 ,0.0000 ,1.0000 ,1.0000 ,0.0000 ,0.0000 ,9.1800 ,139.0000 ,2251.0000 ,115.0000 
2,0.0000 ,0.0000 ,0.0000 ,0.0000 ,1.0000 ,0.0000 ,0.0000 ,1.0000 ,0.0000 ,0.0000 ,0.0000 ,0.0000 ,0.0000 ,0.0000 ,0.0000 ,0.0000 ,0.0000 ,0.0000 ,0.0000 ,8.2600 ,178.0000 ,1262.0000 ,278.0000 
2,0.0000 ,0.0000 ,0.0000 ,0.0000 ,1.0000 ,0.0000 ,0.0000 ,1.0000 ,0.0000 ,0.0000 ,0.0000 ,0.0000 ,1.0000 ,0.0000 ,0.0000 ,0.0000 ,0.0000 ,0.0000 ,89.0000 ,7.8600 ,104.0000 ,1335.0000 ,390.0000 
2,0.0000 ,0.0000 ,0.0000 ,0.0000 ,1.0000 ,0.0000 ,0.0000 ,0.0000 ,0.0000 ,0.0000 ,0.0000 ,0.0000 ,0.0000 ,0.0000 ,0.0000 ,1.0000 ,0.0000 ,0.0000 ,0.0000 ,8.4000 ,169.0000 ,3985.0000 ,193.0000 
2,0.0000 ,353631.0000 ,0.0000 ,0.0000 ,0.0000 ,1.0000 ,0.0000 ,1.0000 ,0.0000 ,0.0000 ,0.0000 ,0.0000 ,0.0000 ,0.0000 ,0.0000 ,0.0000 ,0.0000 ,0.0000 ,144.0000 ,8.4400 ,36.0000 ,945.0000 ,53.0000 
2,0.0000 ,8083.0000 ,0.0000 ,1.0000 ,0.0000 ,0.0000 ,0.0000 ,0.0000 ,0.0000 ,0.0000 ,0.0000 ,1.0000 ,0.0000 ,0.0000 ,0.0000 ,0.0000 ,0.0000 ,0.0000 ,78.0000 ,8.9100 ,301.0000 ,6640.0000 ,54.0000 
2,0.0000 ,0.0000 ,1.0000 ,0.0000 ,0.0000 ,0.0000 ,0.0000 ,0.0000 ,0.0000 ,0.0000 ,0.0000 ,0.0000 ,0.0000 ,0.0000 ,0.0000 ,1.0000 ,0.0000 ,0.0000 ,0.0000 ,9.6300 ,187.0000 ,416.0000 ,248.0000 
2,0.0000 ,445645.0000 ,0.0000 ,1.0000 ,0.0000 ,0.0000 ,0.0000 ,1.0000 ,0.0000 ,0.0000 ,0.0000 ,0.0000 ,0.0000 ,0.0000 ,0.0000 ,0.0000 ,0.0000 ,0.0000 ,0.0000 ,9.8500 ,62.0000 ,898.0000 ,43.0000 
2,0.0000 ,0.0000 ,0.0000 ,0.0000 ,0.0000 ,1.0000 ,0.0000 ,1.0000 ,0.0000 ,0.0000 ,0.0000 ,0.0000 ,0.0000 ,0.0000 ,0.0000 ,0.0000 ,0.0000 ,0.0000 ,0.0000 ,8.8400 ,93.0000 ,1727.0000 ,65.0000 
2,0.0000 ,357116.0000 ,1.0000 ,0.0000 ,0.0000 ,0.0000 ,0.0000 ,0.0000 ,0.0000 ,0.0000 ,0.0000 ,1.0000 ,0.0000 ,0.0000 ,0.0000 ,0.0000 ,0.0000 ,0.0000 ,121.0000 ,9.3600 ,278.0000 ,3618.0000 ,204.0000 
2,0.0000 ,0.0000 ,1.0000 ,0.0000 ,0.0000 ,0.0000 ,0.0000 ,0.0000 ,0.0000 ,0.0000 ,0.0000 ,0.0000 ,0.0000 ,0.0000 ,0.0000 ,1.0000 ,1.0000 ,0.0000 ,0.0000 ,9.5000 ,36.0000 ,793.0000 ,101.0000 
2,0.0000 ,0.0000 ,1.0000 ,0.0000 ,0.0000 ,0.0000 ,0.0000 ,0.0000 ,0.0000 ,0.0000 ,0.0000 ,1.0000 ,0.0000 ,0.0000 ,0.0000 ,0.0000 ,0.0000 ,0.0000 ,0.0000 ,8.8800 ,126.0000 ,3879.0000 ,57.0000 
2,0.0000 ,0.0000 ,0.0000 ,1.0000 ,0.0000 ,0.0000 ,0.0000 ,0.0000 ,0.0000 ,0.0000 ,0.0000 ,1.0000 ,0.0000 ,0.0000 ,0.0000 ,0.0000 ,0.0000 ,0.0000 ,0.0000 ,9.0900 ,172.0000 ,917.0000 ,247.0000 
2,0.0000 ,0.0000 ,1.0000 ,0.0000 ,0.0000 ,0.0000 ,0.0000 ,0.0000 ,0.0000 ,0.0000 ,0.0000 ,0.0000 ,0.0000 ,0.0000 ,0.0000 ,1.0000 ,0.0000 ,0.0000 ,0.0000 ,8.8300 ,181.0000 ,502.0000 ,159.0000 
2,0.0000 ,53507.0000 ,0.0000 ,1.0000 ,0.0000 ,0.0000 ,0.0000 ,0.0000 ,0.0000 ,0.0000 ,0.0000 ,1.0000 ,0.0000 ,0.0000 ,0.0000 ,0.0000 ,0.0000 ,0.0000 ,0.0000 ,9.3800 ,210.0000 ,1222.0000 ,97.0000 
2,0.0000 ,39577.0000 ,1.0000 ,0.0000 ,0.0000 ,0.0000 ,0.0000 ,1.0000 ,0.0000 ,0.0000 ,0.0000 ,0.0000 ,0.0000 ,0.0000 ,0.0000 ,0.0000 ,0.0000 ,0.0000 ,0.0000 ,9.6800 ,430.0000 ,8543.0000 ,70.0000 
2,0.0000 ,0.0000 ,0.0000 ,1.0000 ,0.0000 ,0.0000 ,0.0000 ,1.0000 ,0.0000 ,0.0000 ,0.0000 ,0.0000 ,0.0000 ,0.0000 ,0.0000 ,0.0000 ,0.0000 ,0.0000 ,0.0000 ,9.8800 ,625.0000 ,11575.0000 ,124.0000 
2,0.0000 ,14537.0000 ,0.0000 ,0.0000 ,1.0000 ,0.0000 ,0.0000 ,0.0000 ,0.0000 ,0.0000 ,0.0000 ,0.0000 ,1.0000 ,0.0000 ,0.0000 ,0.0000 ,0.0000 ,0.0000 ,0.0000 ,9.3900 ,553.0000 ,3868.0000 ,195.0000 
2,0.0000 ,0.0000 ,0.0000 ,0.0000 ,1.0000 ,0.0000 ,0.0000 ,1.0000 ,0.0000 ,0.0000 ,0.0000 ,0.0000 ,0.0000 ,0.0000 ,0.0000 ,0.0000 ,0.0000 ,0.0000 ,0.0000 ,9.5300 ,124.0000 ,1192.0000 ,212.0000 
2,0.0000 ,353631.0000 ,0.0000 ,0.0000 ,0.0000 ,1.0000 ,0.0000 ,1.0000 ,0.0000 ,0.0000 ,0.0000 ,0.0000 ,0.0000 ,0.0000 ,0.0000 ,0.0000 ,0.0000 ,0.0000 ,52.0000 ,9.2100 ,28.0000 ,483.0000 ,46.0000 
2,0.0000 ,0.0000 ,0.0000 ,0.0000 ,0.0000 ,1.0000 ,0.0000 ,0.0000 ,0.0000 ,0.0000 ,0.0000 ,0.0000 ,0.0000 ,1.0000 ,1.0000 ,0.0000 ,0.0000 ,0.0000 ,0.0000 ,8.6200 ,96.0000 ,2589.0000 ,386.0000 
2,0.0000 ,0.0000 ,0.0000 ,0.0000 ,0.0000 ,1.0000 ,0.0000 ,1.0000 ,0.0000 ,1.0000 ,0.0000 ,0.0000 ,0.0000 ,0.0000 ,0.0000 ,0.0000 ,0.0000 ,0.0000 ,0.0000 ,9.6200 ,66.0000 ,1247.0000 ,197.0000 
2,0.0000 ,0.0000 ,1.0000 ,0.0000 ,0.0000 ,0.0000 ,0.0000 ,0.0000 ,0.0000 ,0.0000 ,0.0000 ,0.0000 ,0.0000 ,0.0000 ,0.0000 ,1.0000 ,0.0000 ,0.0000 ,0.0000 ,8.4800 ,27.0000 ,103.0000 ,87.0000 
2,0.0000 ,0.0000 ,0.0000 ,0.0000 ,0.0000 ,1.0000 ,0.0000 ,0.0000 ,0.0000 ,0.0000 ,0.0000 ,0.0000 ,0.0000 ,0.0000 ,1.0000 ,0.0000 ,0.0000 ,0.0000 ,33.0000 ,9.0400 ,77.0000 ,430.0000 ,156.0000 
2,0.0000 ,53127.0000 ,0.0000 ,0.0000 ,1.0000 ,0.0000 ,0.0000 ,0.0000 ,0.0000 ,0.0000 ,1.0000 ,0.0000 ,1.0000 ,0.0000 ,0.0000 ,0.0000 ,0.0000 ,0.0000 ,0.0000 ,7.1600 ,510.0000 ,1271.0000 ,227.0000 
2,0.0000 ,0.0000 ,0.0000 ,0.0000 ,0.0000 ,1.0000 ,0.0000 ,0.0000 ,0.0000 ,0.0000 ,0.0000 ,0.0000 ,1.0000 ,0.0000 ,0.0000 ,0.0000 ,0.0000 ,0.0000 ,0.0000 ,8.6200 ,89.0000 ,758.0000 ,169.0000 
2,0.0000 ,27879.0000 ,0.0000 ,0.0000 ,1.0000 ,0.0000 ,0.0000 ,1.0000 ,0.0000 ,0.0000 ,0.0000 ,0.0000 ,0.0000 ,0.0000 ,1.0000 ,0.0000 ,0.0000 ,0.0000 ,0.0000 ,8.8900 ,45.0000 ,753.0000 ,78.0000 
2,0.0000 ,0.0000 ,0.0000 ,1.0000 ,0.0000 ,0.0000 ,0.0000 ,1.0000 ,0.0000 ,0.0000 ,0.0000 ,0.0000 ,0.0000 ,0.0000 ,0.0000 ,0.0000 ,0.0000 ,0.0000 ,72.0000 ,9.6400 ,141.0000 ,2564.0000 ,77.0000 
2,0.0000 ,0.0000 ,0.0000 ,0.0000 ,0.0000 ,1.0000 ,0.0000 ,1.0000 ,0.0000 ,0.0000 ,0.0000 ,0.0000 ,0.0000 ,0.0000 ,0.0000 ,0.0000 ,0.0000 ,0.0000 ,51.0000 ,9.1500 ,91.0000 ,1267.0000 ,64.0000 
2,0.0000 ,0.0000 ,1.0000 ,0.0000 ,0.0000 ,0.0000 ,0.0000 ,0.0000 ,0.0000 ,0.0000 ,0.0000 ,1.0000 ,0.0000 ,0.0000 ,0.0000 ,0.0000 ,0.0000 ,0.0000 ,0.0000 ,7.2200 ,18.0000 ,305.0000 ,18.0000 
2,0.0000 ,0.0000 ,0.0000 ,0.0000 ,1.0000 ,0.0000 ,0.0000 ,0.0000 ,0.0000 ,0.0000 ,0.0000 ,1.0000 ,0.0000 ,0.0000 ,0.0000 ,0.0000 ,0.0000 ,0.0000 ,0.0000 ,3.0800 ,2452.0000 ,8929.0000 ,20.0000 
2,0.0000 ,0.0000 ,0.0000 ,0.0000 ,0.0000 ,1.0000 ,0.0000 ,1.0000 ,0.0000 ,0.0000 ,0.0000 ,0.0000 ,0.0000 ,0.0000 ,1.0000 ,0.0000 ,0.0000 ,2.0000 ,0.0000 ,9.5400 ,68.0000 ,754.0000 ,104.0000 
2,0.0000 ,0.0000 ,0.0000 ,0.0000 ,1.0000 ,0.0000 ,0.0000 ,0.0000 ,1.0000 ,0.0000 ,0.0000 ,0.0000 ,0.0000 ,1.0000 ,0.0000 ,0.0000 ,0.0000 ,0.0000 ,186.0000 ,6.9700 ,546.0000 ,1297.0000 ,129.0000 
2,0.0000 ,0.0000 ,0.0000 ,0.0000 ,0.0000 ,1.0000 ,0.0000 ,0.0000 ,0.0000 ,0.0000 ,0.0000 ,0.0000 ,1.0000 ,0.0000 ,0.0000 ,0.0000 ,0.0000 ,0.0000 ,0.0000 ,8.2500 ,61.0000 ,2224.0000 ,81.0000 
2,0.0000 ,18467.0000 ,0.0000 ,0.0000 ,1.0000 ,0.0000 ,0.0000 ,1.0000 ,0.0000 ,0.0000 ,0.0000 ,0.0000 ,0.0000 ,0.0000 ,0.0000 ,0.0000 ,1.0000 ,0.0000 ,0.0000 ,9.6500 ,49.0000 ,735.0000 ,48.0000 
2,0.0000 ,53127.0000 ,0.0000 ,0.0000 ,0.0000 ,1.0000 ,0.0000 ,0.0000 ,0.0000 ,0.0000 ,0.0000 ,0.0000 ,0.0000 ,0.0000 ,0.0000 ,0.0000 ,1.0000 ,0.0000 ,0.0000 ,8.4700 ,53.0000 ,372.0000 ,178.0000 
2,0.0000 ,0.0000 ,1.0000 ,0.0000 ,0.0000 ,0.0000 ,0.0000 ,0.0000 ,0.0000 ,0.0000 ,0.0000 ,0.0000 ,0.0000 ,0.0000 ,0.0000 ,1.0000 ,0.0000 ,0.0000 ,0.0000 ,9.3800 ,104.0000 ,1618.0000 ,35.0000 
2,0.0000 ,0.0000 ,1.0000 ,0.0000 ,0.0000 ,0.0000 ,0.0000 ,0.0000 ,0.0000 ,0.0000 ,0.0000 ,0.0000 ,0.0000 ,0.0000 ,0.0000 ,1.0000 ,0.0000 ,0.0000 ,0.0000 ,9.0200 ,231.0000 ,272.0000 ,59.0000 
2,0.0000 ,0.0000 ,0.0000 ,1.0000 ,0.0000 ,0.0000 ,0.0000 ,0.0000 ,0.0000 ,0.0000 ,0.0000 ,1.0000 ,0.0000 ,0.0000 ,0.0000 ,0.0000 ,0.0000 ,0.0000 ,60.0000 ,9.2900 ,262.0000 ,332.0000 ,76.0000 
2,0.0000 ,0.0000 ,0.0000 ,0.0000 ,0.0000 ,1.0000 ,0.0000 ,0.0000 ,0.0000 ,0.0000 ,0.0000 ,0.0000 ,0.0000 ,0.0000 ,1.0000 ,0.0000 ,0.0000 ,0.0000 ,0.0000 ,6.0700 ,128.0000 ,1405.0000 ,15.0000 
2,0.0000 ,0.0000 ,0.0000 ,0.0000 ,1.0000 ,0.0000 ,0.0000 ,0.0000 ,1.0000 ,0.0000 ,0.0000 ,0.0000 ,0.0000 ,0.0000 ,0.0000 ,0.0000 ,1.0000 ,0.0000 ,92.0000 ,7.7800 ,234.0000 ,479.0000 ,93.0000 
2,0.0000 ,0.0000 ,1.0000 ,0.0000 ,0.0000 ,0.0000 ,0.0000 ,1.0000 ,0.0000 ,0.0000 ,0.0000 ,0.0000 ,0.0000 ,0.0000 ,0.0000 ,0.0000 ,0.0000 ,0.0000 ,0.0000 ,9.4100 ,78.0000 ,1035.0000 ,74.0000 
2,0.0000 ,0.0000 ,0.0000 ,0.0000 ,1.0000 ,0.0000 ,0.0000 ,0.0000 ,0.0000 ,0.0000 ,0.0000 ,0.0000 ,1.0000 ,0.0000 ,0.0000 ,0.0000 ,1.0000 ,0.0000 ,0.0000 ,7.6200 ,58.0000 ,673.0000 ,141.0000 
2,0.0000 ,445645.0000 ,1.0000 ,0.0000 ,0.0000 ,0.0000 ,0.0000 ,0.0000 ,0.0000 ,0.0000 ,0.0000 ,1.0000 ,0.0000 ,0.0000 ,0.0000 ,0.0000 ,0.0000 ,0.0000 ,0.0000 ,10.0000 ,8.0000 ,306.0000 ,46.0000 
2,0.0000 ,3384.0000 ,0.0000 ,0.0000 ,1.0000 ,0.0000 ,0.0000 ,1.0000 ,0.0000 ,0.0000 ,0.0000 ,0.0000 ,0.0000 ,1.0000 ,1.0000 ,0.0000 ,0.0000 ,0.0000 ,0.0000 ,9.3800 ,125.0000 ,633.0000 ,56.0000 
2,0.0000 ,130625.0000 ,1.0000 ,0.0000 ,0.0000 ,0.0000 ,0.0000 ,0.0000 ,0.0000 ,0.0000 ,0.0000 ,1.0000 ,0.0000 ,0.0000 ,0.0000 ,0.0000 ,0.0000 ,0.0000 ,0.0000 ,6.3300 ,48.0000 ,291.0000 ,39.0000 
2,0.0000 ,4527.0000 ,1.0000 ,0.0000 ,0.0000 ,0.0000 ,0.0000 ,1.0000 ,0.0000 ,0.0000 ,0.0000 ,0.0000 ,0.0000 ,0.0000 ,0.0000 ,0.0000 ,0.0000 ,0.0000 ,0.0000 ,9.1200 ,16.0000 ,236.0000 ,46.0000 
2,0.0000 ,0.0000 ,1.0000 ,0.0000 ,0.0000 ,0.0000 ,0.0000 ,0.0000 ,0.0000 ,0.0000 ,0.0000 ,1.0000 ,0.0000 ,0.0000 ,0.0000 ,0.0000 ,1.0000 ,0.0000 ,41.0000 ,9.8200 ,51.0000 ,1309.0000 ,24.0000 
2,0.0000 ,0.0000 ,1.0000 ,0.0000 ,0.0000 ,0.0000 ,0.0000 ,0.0000 ,0.0000 ,0.0000 ,0.0000 ,1.0000 ,0.0000 ,0.0000 ,0.0000 ,0.0000 ,0.0000 ,0.0000 ,0.0000 ,9.1600 ,25.0000 ,227.0000 ,10.0000 
2,0.0000 ,0.0000 ,1.0000 ,0.0000 ,0.0000 ,0.0000 ,0.0000 ,0.0000 ,0.0000 ,0.0000 ,0.0000 ,0.0000 ,0.0000 ,0.0000 ,0.0000 ,1.0000 ,0.0000 ,0.0000 ,0.0000 ,10.0000 ,14.0000 ,105.0000 ,19.0000 
2,0.0000 ,0.0000 ,0.0000 ,0.0000 ,0.0000 ,1.0000 ,0.0000 ,1.0000 ,0.0000 ,0.0000 ,0.0000 ,0.0000 ,0.0000 ,0.0000 ,0.0000 ,0.0000 ,0.0000 ,0.0000 ,0.0000 ,5.4800 ,31.0000 ,210.0000 ,82.0000 
2,0.0000 ,0.0000 ,1.0000 ,0.0000 ,0.0000 ,0.0000 ,0.0000 ,1.0000 ,0.0000 ,0.0000 ,0.0000 ,0.0000 ,0.0000 ,0.0000 ,0.0000 ,1.0000 ,1.0000 ,0.0000 ,0.0000 ,9.4300 ,82.0000 ,1476.0000 ,74.0000 
2,0.0000 ,0.0000 ,0.0000 ,0.0000 ,1.0000 ,0.0000 ,0.0000 ,0.0000 ,0.0000 ,0.0000 ,0.0000 ,0.0000 ,0.0000 ,0.0000 ,1.0000 ,0.0000 ,1.0000 ,0.0000 ,0.0000 ,9.4700 ,137.0000 ,2178.0000 ,55.0000 
2,0.0000 ,0.0000 ,0.0000 ,0.0000 ,0.0000 ,1.0000 ,0.0000 ,0.0000 ,1.0000 ,0.0000 ,0.0000 ,0.0000 ,0.0000 ,0.0000 ,0.0000 ,0.0000 ,1.0000 ,0.0000 ,0.0000 ,6.2900 ,194.0000 ,838.0000 ,54.0000 
2,0.0000 ,0.0000 ,0.0000 ,0.0000 ,0.0000 ,1.0000 ,0.0000 ,1.0000 ,0.0000 ,0.0000 ,0.0000 ,0.0000 ,0.0000 ,0.0000 ,0.0000 ,0.0000 ,1.0000 ,0.0000 ,92.0000 ,9.1200 ,84.0000 ,1766.0000 ,71.0000 
2,0.0000 ,0.0000 ,1.0000 ,0.0000 ,0.0000 ,0.0000 ,0.0000 ,0.0000 ,0.0000 ,0.0000 ,0.0000 ,1.0000 ,0.0000 ,0.0000 ,0.0000 ,0.0000 ,0.0000 ,0.0000 ,0.0000 ,9.8000 ,35.0000 ,571.0000 ,42.0000 
2,0.0000 ,0.0000 ,0.0000 ,0.0000 ,0.0000 ,1.0000 ,0.0000 ,1.0000 ,0.0000 ,0.0000 ,0.0000 ,0.0000 ,1.0000 ,0.0000 ,0.0000 ,0.0000 ,1.0000 ,0.0000 ,0.0000 ,8.0500 ,38.0000 ,275.0000 ,60.0000 
2,0.0000 ,2277708.0000 ,0.0000 ,1.0000 ,0.0000 ,0.0000 ,0.0000 ,0.0000 ,0.0000 ,0.0000 ,0.0000 ,1.0000 ,0.0000 ,0.0000 ,0.0000 ,0.0000 ,0.0000 ,0.0000 ,0.0000 ,6.3200 ,95.0000 ,382.0000 ,92.0000 
2,0.0000 ,0.0000 ,0.0000 ,1.0000 ,0.0000 ,0.0000 ,0.0000 ,0.0000 ,0.0000 ,0.0000 ,0.0000 ,1.0000 ,0.0000 ,0.0000 ,0.0000 ,0.0000 ,0.0000 ,0.0000 ,0.0000 ,9.2500 ,56.0000 ,1064.0000 ,7.0000 
2,0.0000 ,0.0000 ,1.0000 ,0.0000 ,0.0000 ,0.0000 ,0.0000 ,0.0000 ,0.0000 ,0.0000 ,0.0000 ,1.0000 ,0.0000 ,0.0000 ,0.0000 ,0.0000 ,0.0000 ,0.0000 ,0.0000 ,9.8800 ,34.0000 ,449.0000 ,70.0000 
2,0.0000 ,0.0000 ,1.0000 ,0.0000 ,0.0000 ,0.0000 ,0.0000 ,1.0000 ,0.0000 ,0.0000 ,0.0000 ,0.0000 ,0.0000 ,0.0000 ,0.0000 ,0.0000 ,1.0000 ,0.0000 ,0.0000 ,8.3100 ,67.0000 ,171.0000 ,27.0000 
2,0.0000 ,8443.0000 ,0.0000 ,1.0000 ,0.0000 ,0.0000 ,0.0000 ,0.0000 ,0.0000 ,0.0000 ,0.0000 ,1.0000 ,0.0000 ,0.0000 ,0.0000 ,0.0000 ,0.0000 ,0.0000 ,0.0000 ,8.6400 ,44.0000 ,191.0000 ,73.0000 
2,0.0000 ,3117859.0000 ,0.0000 ,0.0000 ,1.0000 ,0.0000 ,0.0000 ,0.0000 ,0.0000 ,0.0000 ,0.0000 ,0.0000 ,0.0000 ,0.0000 ,1.0000 ,0.0000 ,0.0000 ,0.0000 ,0.0000 ,9.2200 ,227.0000 ,1013.0000 ,91.0000 
2,0.0000 ,0.0000 ,1.0000 ,0.0000 ,0.0000 ,0.0000 ,0.0000 ,0.0000 ,0.0000 ,0.0000 ,0.0000 ,0.0000 ,0.0000 ,0.0000 ,0.0000 ,1.0000 ,0.0000 ,0.0000 ,0.0000 ,7.0000 ,3.0000 ,43.0000 ,46.0000 
2,0.0000 ,2308.0000 ,0.0000 ,0.0000 ,1.0000 ,0.0000 ,0.0000 ,0.0000 ,0.0000 ,0.0000 ,0.0000 ,1.0000 ,0.0000 ,0.0000 ,0.0000 ,0.0000 ,0.0000 ,0.0000 ,0.0000 ,9.0000 ,18.0000 ,356.0000 ,32.0000 
2,0.0000 ,12681.0000 ,0.0000 ,0.0000 ,0.0000 ,1.0000 ,0.0000 ,1.0000 ,0.0000 ,0.0000 ,0.0000 ,0.0000 ,0.0000 ,0.0000 ,0.0000 ,0.0000 ,0.0000 ,0.0000 ,0.0000 ,8.0000 ,37.0000 ,377.0000 ,40.0000 
2,0.0000 ,0.0000 ,0.0000 ,1.0000 ,0.0000 ,0.0000 ,0.0000 ,0.0000 ,0.0000 ,0.0000 ,0.0000 ,1.0000 ,0.0000 ,0.0000 ,0.0000 ,0.0000 ,0.0000 ,0.0000 ,0.0000 ,4.0100 ,1878.0000 ,11088.0000 ,19.0000 
2,0.0000 ,0.0000 ,0.0000 ,0.0000 ,0.0000 ,1.0000 ,0.0000 ,1.0000 ,0.0000 ,1.0000 ,0.0000 ,0.0000 ,1.0000 ,0.0000 ,0.0000 ,0.0000 ,0.0000 ,0.0000 ,0.0000 ,9.1600 ,51.0000 ,635.0000 ,56.0000 
2,0.0000 ,0.0000 ,0.0000 ,0.0000 ,0.0000 ,1.0000 ,0.0000 ,0.0000 ,0.0000 ,0.0000 ,0.0000 ,0.0000 ,0.0000 ,0.0000 ,1.0000 ,0.0000 ,0.0000 ,0.0000 ,88.0000 ,5.5000 ,2.0000 ,34.0000 ,50.0000 
2,0.0000 ,1676040.0000 ,0.0000 ,0.0000 ,0.0000 ,1.0000 ,0.0000 ,0.0000 ,0.0000 ,0.0000 ,0.0000 ,0.0000 ,0.0000 ,0.0000 ,1.0000 ,0.0000 ,0.0000 ,0.0000 ,26.0000 ,8.3100 ,58.0000 ,388.0000 ,94.0000 
2,0.0000 ,0.0000 ,0.0000 ,0.0000 ,1.0000 ,0.0000 ,0.0000 ,1.0000 ,0.0000 ,0.0000 ,0.0000 ,0.0000 ,0.0000 ,0.0000 ,0.0000 ,0.0000 ,0.0000 ,0.0000 ,121.0000 ,9.7300 ,30.0000 ,630.0000 ,64.0000 
2,0.0000 ,0.0000 ,0.0000 ,0.0000 ,0.0000 ,1.0000 ,0.0000 ,1.0000 ,0.0000 ,0.0000 ,0.0000 ,0.0000 ,0.0000 ,0.0000 ,1.0000 ,0.0000 ,0.0000 ,0.0000 ,0.0000 ,4.5800 ,12.0000 ,54.0000 ,19.0000 
3,0.0000 ,55542.0000 ,1.0000 ,0.0000 ,0.0000 ,0.0000 ,0.0000 ,0.0000 ,0.0000 ,0.0000 ,0.0000 ,0.0000 ,0.0000 ,0.0000 ,0.0000 ,0.0000 ,1.0000 ,0.0000 ,0.0000 ,10.0000 ,33.0000 ,251.0000 ,1.0000 
3,0.0000 ,0.0000 ,0.0000 ,0.0000 ,0.0000 ,1.0000 ,0.0000 ,1.0000 ,0.0000 ,0.0000 ,0.0000 ,0.0000 ,0.0000 ,0.0000 ,0.0000 ,0.0000 ,0.0000 ,0.0000 ,0.0000 ,8.5900 ,37.0000 ,156.0000 ,26.0000 
3,0.0000 ,0.0000 ,0.0000 ,1.0000 ,0.0000 ,0.0000 ,0.0000 ,1.0000 ,0.0000 ,0.0000 ,0.0000 ,0.0000 ,0.0000 ,0.0000 ,0.0000 ,0.0000 ,0.0000 ,0.0000 ,0.0000 ,9.0900 ,11.0000 ,33.0000 ,9.0000 
3,0.0000 ,5392.0000 ,0.0000 ,0.0000 ,1.0000 ,0.0000 ,0.0000 ,0.0000 ,0.0000 ,1.0000 ,0.0000 ,1.0000 ,1.0000 ,0.0000 ,0.0000 ,0.0000 ,0.0000 ,0.0000 ,0.0000 ,8.7900 ,28.0000 ,220.0000 ,28.0000 
3,0.0000 ,2834.0000 ,0.0000 ,1.0000 ,0.0000 ,0.0000 ,0.0000 ,0.0000 ,0.0000 ,0.0000 ,0.0000 ,1.0000 ,0.0000 ,0.0000 ,0.0000 ,0.0000 ,0.0000 ,0.0000 ,0.0000 ,3.8500 ,124.0000 ,343.0000 ,30.0000 
3,0.0000 ,1134.0000 ,0.0000 ,1.0000 ,0.0000 ,0.0000 ,0.0000 ,1.0000 ,0.0000 ,0.0000 ,0.0000 ,0.0000 ,0.0000 ,0.0000 ,1.0000 ,0.0000 ,0.0000 ,0.0000 ,0.0000 ,9.1100 ,160.0000 ,1975.0000 ,33.0000 
3,0.0000 ,0.0000 ,0.0000 ,0.0000 ,0.0000 ,1.0000 ,1.0000 ,0.0000 ,0.0000 ,0.0000 ,0.0000 ,0.0000 ,0.0000 ,1.0000 ,1.0000 ,0.0000 ,0.0000 ,0.0000 ,65.0000 ,9.3300 ,3.0000 ,100.0000 ,21.0000 
3,0.0000 ,0.0000 ,0.0000 ,1.0000 ,0.0000 ,0.0000 ,0.0000 ,0.0000 ,0.0000 ,0.0000 ,0.0000 ,0.0000 ,0.0000 ,0.0000 ,0.0000 ,0.0000 ,1.0000 ,0.0000 ,30.0000 ,9.7000 ,57.0000 ,189.0000 ,43.0000 
3,0.0000 ,118008.0000 ,0.0000 ,0.0000 ,1.0000 ,0.0000 ,0.0000 ,1.0000 ,0.0000 ,0.0000 ,0.0000 ,0.0000 ,0.0000 ,0.0000 ,0.0000 ,0.0000 ,0.0000 ,0.0000 ,0.0000 ,9.3400 ,41.0000 ,682.0000 ,29.0000 
3,0.0000 ,0.0000 ,0.0000 ,0.0000 ,0.0000 ,1.0000 ,0.0000 ,1.0000 ,0.0000 ,0.0000 ,0.0000 ,0.0000 ,0.0000 ,0.0000 ,0.0000 ,0.0000 ,0.0000 ,0.0000 ,0.0000 ,8.1500 ,21.0000 ,194.0000 ,32.0000 
3,0.0000 ,0.0000 ,0.0000 ,0.0000 ,1.0000 ,0.0000 ,0.0000 ,1.0000 ,0.0000 ,0.0000 ,0.0000 ,0.0000 ,0.0000 ,0.0000 ,0.0000 ,0.0000 ,1.0000 ,0.0000 ,0.0000 ,9.2100 ,91.0000 ,1407.0000 ,38.0000 
3,0.0000 ,0.0000 ,1.0000 ,0.0000 ,0.0000 ,0.0000 ,0.0000 ,0.0000 ,0.0000 ,0.0000 ,0.0000 ,0.0000 ,0.0000 ,0.0000 ,0.0000 ,0.0000 ,1.0000 ,0.0000 ,0.0000 ,9.0900 ,32.0000 ,153.0000 ,35.0000 
3,0.0000 ,0.0000 ,0.0000 ,0.0000 ,1.0000 ,0.0000 ,0.0000 ,1.0000 ,0.0000 ,0.0000 ,0.0000 ,0.0000 ,0.0000 ,1.0000 ,0.0000 ,0.0000 ,0.0000 ,0.0000 ,19.0000 ,9.0800 ,12.0000 ,277.0000 ,35.0000 
3,0.0000 ,0.0000 ,1.0000 ,0.0000 ,0.0000 ,0.0000 ,0.0000 ,0.0000 ,0.0000 ,0.0000 ,0.0000 ,1.0000 ,0.0000 ,0.0000 ,0.0000 ,0.0000 ,0.0000 ,0.0000 ,0.0000 ,8.9100 ,11.0000 ,195.0000 ,17.0000 
3,0.0000 ,0.0000 ,0.0000 ,1.0000 ,0.0000 ,0.0000 ,0.0000 ,0.0000 ,0.0000 ,0.0000 ,0.0000 ,0.0000 ,0.0000 ,0.0000 ,1.0000 ,0.0000 ,0.0000 ,0.0000 ,0.0000 ,7.9400 ,162.0000 ,1261.0000 ,42.0000 
3,0.0000 ,0.0000 ,0.0000 ,1.0000 ,0.0000 ,0.0000 ,0.0000 ,0.0000 ,0.0000 ,0.0000 ,0.0000 ,0.0000 ,0.0000 ,0.0000 ,0.0000 ,1.0000 ,0.0000 ,0.0000 ,0.0000 ,8.5700 ,190.0000 ,650.0000 ,17.0000 
3,0.0000 ,0.0000 ,1.0000 ,0.0000 ,0.0000 ,0.0000 ,0.0000 ,0.0000 ,0.0000 ,0.0000 ,0.0000 ,1.0000 ,0.0000 ,0.0000 ,0.0000 ,0.0000 ,0.0000 ,0.0000 ,0.0000 ,9.7900 ,14.0000 ,153.0000 ,16.0000 
3,0.0000 ,0.0000 ,0.0000 ,0.0000 ,0.0000 ,1.0000 ,0.0000 ,0.0000 ,0.0000 ,0.0000 ,1.0000 ,0.0000 ,0.0000 ,0.0000 ,1.0000 ,0.0000 ,0.0000 ,0.0000 ,0.0000 ,7.9000 ,10.0000 ,65.0000 ,20.0000 
3,0.0000 ,0.0000 ,0.0000 ,0.0000 ,1.0000 ,0.0000 ,0.0000 ,0.0000 ,0.0000 ,0.0000 ,0.0000 ,0.0000 ,0.0000 ,0.0000 ,1.0000 ,0.0000 ,0.0000 ,0.0000 ,0.0000 ,9.3700 ,35.0000 ,487.0000 ,20.0000 
3,0.0000 ,0.0000 ,0.0000 ,0.0000 ,1.0000 ,0.0000 ,0.0000 ,1.0000 ,0.0000 ,0.0000 ,1.0000 ,0.0000 ,0.0000 ,0.0000 ,0.0000 ,0.0000 ,0.0000 ,0.0000 ,0.0000 ,9.6300 ,67.0000 ,606.0000 ,45.0000 
3,0.0000 ,0.0000 ,0.0000 ,0.0000 ,0.0000 ,1.0000 ,0.0000 ,1.0000 ,0.0000 ,0.0000 ,0.0000 ,0.0000 ,1.0000 ,0.0000 ,0.0000 ,0.0000 ,0.0000 ,0.0000 ,0.0000 ,9.5200 ,21.0000 ,123.0000 ,10.0000 
3,0.0000 ,0.0000 ,0.0000 ,1.0000 ,0.0000 ,0.0000 ,0.0000 ,0.0000 ,0.0000 ,0.0000 ,0.0000 ,0.0000 ,0.0000 ,0.0000 ,1.0000 ,0.0000 ,0.0000 ,0.0000 ,0.0000 ,9.3300 ,27.0000 ,250.0000 ,28.0000 
3,0.0000 ,0.0000 ,1.0000 ,0.0000 ,0.0000 ,0.0000 ,0.0000 ,0.0000 ,0.0000 ,0.0000 ,0.0000 ,1.0000 ,0.0000 ,0.0000 ,0.0000 ,0.0000 ,0.0000 ,0.0000 ,0.0000 ,9.5500 ,20.0000 ,286.0000 ,28.0000 
3,0.0000 ,0.0000 ,0.0000 ,1.0000 ,0.0000 ,0.0000 ,0.0000 ,0.0000 ,0.0000 ,0.0000 ,0.0000 ,1.0000 ,0.0000 ,0.0000 ,0.0000 ,0.0000 ,0.0000 ,0.0000 ,0.0000 ,5.5800 ,79.0000 ,589.0000 ,22.0000 
3,0.0000 ,0.0000 ,0.0000 ,0.0000 ,0.0000 ,1.0000 ,0.0000 ,0.0000 ,0.0000 ,0.0000 ,0.0000 ,0.0000 ,0.0000 ,1.0000 ,1.0000 ,0.0000 ,0.0000 ,0.0000 ,0.0000 ,7.7300 ,48.0000 ,305.0000 ,20.0000 
3,0.0000 ,0.0000 ,0.0000 ,0.0000 ,0.0000 ,1.0000 ,0.0000 ,1.0000 ,0.0000 ,0.0000 ,0.0000 ,0.0000 ,0.0000 ,0.0000 ,1.0000 ,0.0000 ,0.0000 ,0.0000 ,0.0000 ,5.3300 ,3.0000 ,51.0000 ,20.0000 
3,0.0000 ,0.0000 ,0.0000 ,0.0000 ,1.0000 ,0.0000 ,0.0000 ,1.0000 ,0.0000 ,0.0000 ,0.0000 ,0.0000 ,0.0000 ,0.0000 ,0.0000 ,0.0000 ,1.0000 ,0.0000 ,0.0000 ,8.3300 ,33.0000 ,252.0000 ,26.0000 
3,0.0000 ,1483.0000 ,0.0000 ,0.0000 ,0.0000 ,1.0000 ,0.0000 ,0.0000 ,0.0000 ,0.0000 ,0.0000 ,0.0000 ,0.0000 ,1.0000 ,1.0000 ,0.0000 ,0.0000 ,0.0000 ,0.0000 ,8.8900 ,19.0000 ,112.0000 ,20.0000 
3,0.0000 ,0.0000 ,1.0000 ,0.0000 ,0.0000 ,0.0000 ,0.0000 ,1.0000 ,0.0000 ,0.0000 ,0.0000 ,0.0000 ,0.0000 ,0.0000 ,0.0000 ,0.0000 ,1.0000 ,0.0000 ,0.0000 ,9.4000 ,15.0000 ,244.0000 ,15.0000 
3,0.0000 ,0.0000 ,0.0000 ,0.0000 ,0.0000 ,1.0000 ,0.0000 ,0.0000 ,0.0000 ,0.0000 ,0.0000 ,0.0000 ,0.0000 ,1.0000 ,0.0000 ,0.0000 ,0.0000 ,0.0000 ,0.0000 ,8.0400 ,26.0000 ,259.0000 ,29.0000 
3,0.0000 ,2834.0000 ,0.0000 ,0.0000 ,0.0000 ,1.0000 ,0.0000 ,0.0000 ,0.0000 ,0.0000 ,0.0000 ,0.0000 ,0.0000 ,0.0000 ,0.0000 ,0.0000 ,1.0000 ,0.0000 ,0.0000 ,5.0500 ,100.0000 ,938.0000 ,18.0000 
3,0.0000 ,0.0000 ,0.0000 ,0.0000 ,0.0000 ,1.0000 ,0.0000 ,1.0000 ,0.0000 ,0.0000 ,0.0000 ,0.0000 ,0.0000 ,0.0000 ,0.0000 ,0.0000 ,0.0000 ,0.0000 ,18.0000 ,6.2000 ,15.0000 ,133.0000 ,21.0000 
3,0.0000 ,118008.0000 ,0.0000 ,0.0000 ,1.0000 ,0.0000 ,0.0000 ,1.0000 ,0.0000 ,0.0000 ,0.0000 ,0.0000 ,0.0000 ,0.0000 ,0.0000 ,0.0000 ,0.0000 ,0.0000 ,0.0000 ,8.6100 ,23.0000 ,182.0000 ,18.0000 
3,0.0000 ,0.0000 ,0.0000 ,0.0000 ,1.0000 ,0.0000 ,0.0000 ,0.0000 ,0.0000 ,0.0000 ,0.0000 ,0.0000 ,0.0000 ,0.0000 ,1.0000 ,0.0000 ,1.0000 ,0.0000 ,0.0000 ,9.7500 ,24.0000 ,100.0000 ,17.0000 
3,0.0000 ,0.0000 ,0.0000 ,0.0000 ,1.0000 ,0.0000 ,0.0000 ,1.0000 ,0.0000 ,0.0000 ,0.0000 ,0.0000 ,0.0000 ,0.0000 ,0.0000 ,0.0000 ,0.0000 ,0.0000 ,0.0000 ,8.9400 ,35.0000 ,152.0000 ,18.0000 
3,0.0000 ,0.0000 ,0.0000 ,0.0000 ,0.0000 ,1.0000 ,0.0000 ,1.0000 ,0.0000 ,1.0000 ,1.0000 ,0.0000 ,0.0000 ,0.0000 ,0.0000 ,0.0000 ,0.0000 ,0.0000 ,0.0000 ,8.9000 ,42.0000 ,476.0000 ,19.0000 
3,0.0000 ,0.0000 ,0.0000 ,1.0000 ,0.0000 ,0.0000 ,0.0000 ,1.0000 ,0.0000 ,0.0000 ,0.0000 ,0.0000 ,0.0000 ,0.0000 ,0.0000 ,0.0000 ,0.0000 ,0.0000 ,0.0000 ,9.6200 ,16.0000 ,200.0000 ,26.0000 
3,0.0000 ,0.0000 ,0.0000 ,1.0000 ,0.0000 ,0.0000 ,0.0000 ,0.0000 ,0.0000 ,0.0000 ,0.0000 ,1.0000 ,0.0000 ,0.0000 ,0.0000 ,0.0000 ,0.0000 ,0.0000 ,0.0000 ,9.1400 ,21.0000 ,183.0000 ,21.0000 
3,0.0000 ,0.0000 ,0.0000 ,0.0000 ,1.0000 ,0.0000 ,0.0000 ,0.0000 ,0.0000 ,0.0000 ,0.0000 ,0.0000 ,0.0000 ,1.0000 ,0.0000 ,0.0000 ,0.0000 ,0.0000 ,0.0000 ,9.7500 ,786.0000 ,3469.0000 ,16.0000 
3,0.0000 ,0.0000 ,1.0000 ,0.0000 ,0.0000 ,0.0000 ,0.0000 ,0.0000 ,0.0000 ,0.0000 ,0.0000 ,1.0000 ,0.0000 ,0.0000 ,0.0000 ,0.0000 ,0.0000 ,0.0000 ,0.0000 ,8.5800 ,26.0000 ,139.0000 ,12.0000 
3,0.0000 ,0.0000 ,0.0000 ,0.0000 ,0.0000 ,1.0000 ,0.0000 ,1.0000 ,0.0000 ,0.0000 ,0.0000 ,0.0000 ,0.0000 ,0.0000 ,0.0000 ,0.0000 ,0.0000 ,0.0000 ,0.0000 ,8.5100 ,35.0000 ,791.0000 ,19.0000 
3,0.0000 ,0.0000 ,0.0000 ,1.0000 ,0.0000 ,0.0000 ,0.0000 ,1.0000 ,0.0000 ,0.0000 ,0.0000 ,0.0000 ,0.0000 ,0.0000 ,0.0000 ,0.0000 ,0.0000 ,0.0000 ,41.0000 ,8.8900 ,28.0000 ,719.0000 ,20.0000 
3,0.0000 ,0.0000 ,0.0000 ,0.0000 ,0.0000 ,1.0000 ,0.0000 ,1.0000 ,0.0000 ,0.0000 ,0.0000 ,0.0000 ,0.0000 ,0.0000 ,1.0000 ,0.0000 ,0.0000 ,0.0000 ,0.0000 ,0.0000 ,0.0000 ,0.0000 ,19.0000 
3,0.0000 ,0.0000 ,0.0000 ,1.0000 ,0.0000 ,0.0000 ,0.0000 ,1.0000 ,0.0000 ,0.0000 ,0.0000 ,0.0000 ,0.0000 ,0.0000 ,0.0000 ,0.0000 ,0.0000 ,0.0000 ,41.0000 ,8.0000 ,5.0000 ,358.0000 ,26.0000 
3,0.0000 ,0.0000 ,1.0000 ,0.0000 ,0.0000 ,0.0000 ,0.0000 ,0.0000 ,0.0000 ,0.0000 ,0.0000 ,1.0000 ,0.0000 ,0.0000 ,0.0000 ,0.0000 ,0.0000 ,0.0000 ,0.0000 ,9.7100 ,28.0000 ,190.0000 ,19.0000 
3,0.0000 ,0.0000 ,1.0000 ,0.0000 ,0.0000 ,0.0000 ,0.0000 ,0.0000 ,0.0000 ,0.0000 ,0.0000 ,1.0000 ,0.0000 ,0.0000 ,0.0000 ,0.0000 ,0.0000 ,0.0000 ,0.0000 ,9.2000 ,41.0000 ,315.0000 ,4.0000 
3,0.0000 ,0.0000 ,0.0000 ,0.0000 ,0.0000 ,1.0000 ,0.0000 ,0.0000 ,0.0000 ,0.0000 ,0.0000 ,0.0000 ,0.0000 ,0.0000 ,1.0000 ,0.0000 ,0.0000 ,0.0000 ,0.0000 ,8.7100 ,7.0000 ,66.0000 ,21.0000 
3,0.0000 ,443.0000 ,0.0000 ,0.0000 ,0.0000 ,1.0000 ,0.0000 ,0.0000 ,0.0000 ,0.0000 ,0.0000 ,0.0000 ,0.0000 ,1.0000 ,0.0000 ,0.0000 ,0.0000 ,0.0000 ,0.0000 ,9.2000 ,47.0000 ,247.0000 ,14.0000 
3,0.0000 ,165.0000 ,0.0000 ,0.0000 ,1.0000 ,0.0000 ,0.0000 ,0.0000 ,0.0000 ,0.0000 ,0.0000 ,1.0000 ,0.0000 ,0.0000 ,0.0000 ,0.0000 ,0.0000 ,0.0000 ,0.0000 ,9.6700 ,55.0000 ,773.0000 ,13.0000 
3,0.0000 ,0.0000 ,1.0000 ,0.0000 ,0.0000 ,0.0000 ,0.0000 ,0.0000 ,0.0000 ,0.0000 ,0.0000 ,1.0000 ,0.0000 ,0.0000 ,0.0000 ,0.0000 ,0.0000 ,0.0000 ,0.0000 ,7.8800 ,8.0000 ,81.0000 ,6.0000 
3,0.0000 ,0.0000 ,0.0000 ,0.0000 ,1.0000 ,0.0000 ,0.0000 ,0.0000 ,0.0000 ,0.0000 ,0.0000 ,1.0000 ,0.0000 ,0.0000 ,0.0000 ,0.0000 ,0.0000 ,0.0000 ,0.0000 ,7.4200 ,19.0000 ,202.0000 ,13.0000 
3,0.0000 ,16863.0000 ,0.0000 ,0.0000 ,0.0000 ,1.0000 ,0.0000 ,0.0000 ,0.0000 ,0.0000 ,0.0000 ,0.0000 ,1.0000 ,0.0000 ,0.0000 ,0.0000 ,0.0000 ,0.0000 ,0.0000 ,8.9600 ,26.0000 ,142.0000 ,11.0000 
3,0.0000 ,0.0000 ,0.0000 ,0.0000 ,1.0000 ,0.0000 ,0.0000 ,0.0000 ,0.0000 ,0.0000 ,0.0000 ,1.0000 ,0.0000 ,0.0000 ,0.0000 ,0.0000 ,0.0000 ,0.0000 ,0.0000 ,7.2900 ,7.0000 ,178.0000 ,15.0000 
3,0.0000 ,28353.0000 ,1.0000 ,0.0000 ,0.0000 ,0.0000 ,0.0000 ,0.0000 ,0.0000 ,0.0000 ,0.0000 ,1.0000 ,0.0000 ,0.0000 ,0.0000 ,0.0000 ,0.0000 ,0.0000 ,0.0000 ,8.7100 ,14.0000 ,216.0000 ,12.0000 
3,0.0000 ,0.0000 ,0.0000 ,0.0000 ,1.0000 ,0.0000 ,0.0000 ,1.0000 ,0.0000 ,0.0000 ,0.0000 ,0.0000 ,0.0000 ,0.0000 ,0.0000 ,0.0000 ,0.0000 ,0.0000 ,0.0000 ,9.5700 ,21.0000 ,210.0000 ,21.0000 
3,0.0000 ,0.0000 ,0.0000 ,1.0000 ,0.0000 ,0.0000 ,0.0000 ,1.0000 ,0.0000 ,0.0000 ,0.0000 ,0.0000 ,0.0000 ,0.0000 ,0.0000 ,0.0000 ,0.0000 ,0.0000 ,0.0000 ,9.0800 ,12.0000 ,98.0000 ,26.0000 
3,0.0000 ,0.0000 ,0.0000 ,0.0000 ,0.0000 ,1.0000 ,0.0000 ,1.0000 ,0.0000 ,1.0000 ,0.0000 ,0.0000 ,0.0000 ,0.0000 ,0.0000 ,0.0000 ,0.0000 ,0.0000 ,0.0000 ,9.6200 ,73.0000 ,619.0000 ,9.0000 
3,0.0000 ,0.0000 ,0.0000 ,0.0000 ,1.0000 ,0.0000 ,0.0000 ,1.0000 ,0.0000 ,0.0000 ,0.0000 ,0.0000 ,0.0000 ,0.0000 ,0.0000 ,0.0000 ,1.0000 ,0.0000 ,0.0000 ,7.5000 ,12.0000 ,166.0000 ,15.0000 
3,0.0000 ,41499.0000 ,0.0000 ,0.0000 ,0.0000 ,1.0000 ,0.0000 ,0.0000 ,0.0000 ,0.0000 ,0.0000 ,0.0000 ,0.0000 ,0.0000 ,1.0000 ,0.0000 ,0.0000 ,0.0000 ,0.0000 ,7.0000 ,4.0000 ,25.0000 ,20.0000 
3,0.0000 ,0.0000 ,0.0000 ,0.0000 ,1.0000 ,0.0000 ,0.0000 ,0.0000 ,0.0000 ,0.0000 ,0.0000 ,0.0000 ,0.0000 ,0.0000 ,1.0000 ,0.0000 ,0.0000 ,0.0000 ,0.0000 ,9.4400 ,32.0000 ,362.0000 ,3.0000 
3,0.0000 ,41499.0000 ,0.0000 ,0.0000 ,0.0000 ,1.0000 ,0.0000 ,1.0000 ,0.0000 ,0.0000 ,0.0000 ,0.0000 ,0.0000 ,0.0000 ,1.0000 ,0.0000 ,0.0000 ,0.0000 ,0.0000 ,7.4300 ,7.0000 ,51.0000 ,1.0000 
3,0.0000 ,41499.0000 ,0.0000 ,0.0000 ,0.0000 ,1.0000 ,0.0000 ,1.0000 ,0.0000 ,0.0000 ,0.0000 ,0.0000 ,0.0000 ,0.0000 ,1.0000 ,0.0000 ,0.0000 ,0.0000 ,0.0000 ,4.5000 ,2.0000 ,44.0000 ,20.0000 
3,0.0000 ,0.0000 ,0.0000 ,0.0000 ,0.0000 ,1.0000 ,0.0000 ,1.0000 ,0.0000 ,0.0000 ,0.0000 ,0.0000 ,0.0000 ,0.0000 ,0.0000 ,0.0000 ,1.0000 ,0.0000 ,0.0000 ,9.6500 ,48.0000 ,286.0000 ,20.0000 
3,0.0000 ,13539.0000 ,0.0000 ,0.0000 ,0.0000 ,1.0000 ,0.0000 ,0.0000 ,0.0000 ,0.0000 ,0.0000 ,0.0000 ,0.0000 ,0.0000 ,1.0000 ,0.0000 ,0.0000 ,0.0000 ,0.0000 ,6.1700 ,6.0000 ,60.0000 ,20.0000 
3,0.0000 ,0.0000 ,0.0000 ,0.0000 ,0.0000 ,1.0000 ,0.0000 ,1.0000 ,0.0000 ,0.0000 ,0.0000 ,0.0000 ,0.0000 ,0.0000 ,0.0000 ,0.0000 ,0.0000 ,0.0000 ,0.0000 ,6.0900 ,139.0000 ,316.0000 ,20.0000 
3,0.0000 ,0.0000 ,0.0000 ,0.0000 ,0.0000 ,1.0000 ,0.0000 ,1.0000 ,0.0000 ,0.0000 ,0.0000 ,0.0000 ,0.0000 ,0.0000 ,0.0000 ,0.0000 ,0.0000 ,0.0000 ,0.0000 ,8.3300 ,9.0000 ,135.0000 ,15.0000 
3,0.0000 ,0.0000 ,0.0000 ,0.0000 ,0.0000 ,1.0000 ,0.0000 ,0.0000 ,0.0000 ,0.0000 ,0.0000 ,0.0000 ,0.0000 ,0.0000 ,0.0000 ,0.0000 ,1.0000 ,0.0000 ,0.0000 ,3.9600 ,28.0000 ,252.0000 ,4.0000 
3,0.0000 ,8668.0000 ,1.0000 ,0.0000 ,0.0000 ,0.0000 ,0.0000 ,0.0000 ,0.0000 ,0.0000 ,0.0000 ,1.0000 ,0.0000 ,0.0000 ,0.0000 ,0.0000 ,0.0000 ,0.0000 ,0.0000 ,8.0000 ,6.0000 ,110.0000 ,17.0000 
3,0.0000 ,0.0000 ,0.0000 ,0.0000 ,1.0000 ,0.0000 ,0.0000 ,1.0000 ,0.0000 ,0.0000 ,0.0000 ,0.0000 ,0.0000 ,0.0000 ,0.0000 ,0.0000 ,0.0000 ,0.0000 ,371.0000 ,9.0000 ,19.0000 ,286.0000 ,17.0000 
3,0.0000 ,0.0000 ,0.0000 ,0.0000 ,0.0000 ,1.0000 ,0.0000 ,1.0000 ,0.0000 ,0.0000 ,0.0000 ,0.0000 ,1.0000 ,0.0000 ,0.0000 ,0.0000 ,0.0000 ,0.0000 ,0.0000 ,7.7300 ,30.0000 ,284.0000 ,12.0000 
3,0.0000 ,0.0000 ,0.0000 ,0.0000 ,0.0000 ,1.0000 ,0.0000 ,1.0000 ,0.0000 ,0.0000 ,0.0000 ,0.0000 ,1.0000 ,0.0000 ,1.0000 ,0.0000 ,0.0000 ,0.0000 ,0.0000 ,8.2900 ,14.0000 ,124.0000 ,9.0000 
3,0.0000 ,172.0000 ,0.0000 ,0.0000 ,0.0000 ,1.0000 ,0.0000 ,0.0000 ,0.0000 ,0.0000 ,0.0000 ,1.0000 ,0.0000 ,0.0000 ,0.0000 ,0.0000 ,0.0000 ,0.0000 ,0.0000 ,8.6400 ,11.0000 ,59.0000 ,9.0000 
3,0.0000 ,0.0000 ,0.0000 ,0.0000 ,1.0000 ,0.0000 ,0.0000 ,0.0000 ,0.0000 ,0.0000 ,0.0000 ,1.0000 ,0.0000 ,0.0000 ,0.0000 ,0.0000 ,0.0000 ,0.0000 ,0.0000 ,3.1200 ,346.0000 ,418.0000 ,7.0000 
3,0.0000 ,0.0000 ,0.0000 ,0.0000 ,0.0000 ,1.0000 ,0.0000 ,1.0000 ,0.0000 ,0.0000 ,0.0000 ,0.0000 ,0.0000 ,0.0000 ,0.0000 ,0.0000 ,0.0000 ,0.0000 ,0.0000 ,8.3300 ,24.0000 ,194.0000 ,4.0000 
3,0.0000 ,41499.0000 ,0.0000 ,0.0000 ,0.0000 ,1.0000 ,0.0000 ,1.0000 ,0.0000 ,0.0000 ,0.0000 ,0.0000 ,0.0000 ,0.0000 ,1.0000 ,0.0000 ,0.0000 ,0.0000 ,0.0000 ,9.6200 ,13.0000 ,135.0000 ,1.0000 
3,0.0000 ,0.0000 ,1.0000 ,0.0000 ,0.0000 ,0.0000 ,0.0000 ,1.0000 ,0.0000 ,0.0000 ,0.0000 ,0.0000 ,0.0000 ,0.0000 ,0.0000 ,0.0000 ,0.0000 ,0.0000 ,0.0000 ,6.9200 ,13.0000 ,109.0000 ,6.0000 
3,0.0000 ,0.0000 ,0.0000 ,0.0000 ,0.0000 ,1.0000 ,0.0000 ,0.0000 ,0.0000 ,0.0000 ,0.0000 ,0.0000 ,0.0000 ,0.0000 ,1.0000 ,0.0000 ,0.0000 ,0.0000 ,0.0000 ,8.2500 ,8.0000 ,38.0000 ,20.0000 
3,0.0000 ,28353.0000 ,0.0000 ,0.0000 ,1.0000 ,0.0000 ,0.0000 ,0.0000 ,0.0000 ,0.0000 ,0.0000 ,1.0000 ,0.0000 ,0.0000 ,0.0000 ,0.0000 ,0.0000 ,0.0000 ,0.0000 ,7.5500 ,11.0000 ,80.0000 ,5.0000 
3,0.0000 ,0.0000 ,0.0000 ,1.0000 ,0.0000 ,0.0000 ,0.0000 ,0.0000 ,0.0000 ,0.0000 ,0.0000 ,1.0000 ,0.0000 ,0.0000 ,0.0000 ,0.0000 ,0.0000 ,0.0000 ,0.0000 ,0.0000 ,0.0000 ,0.0000 ,9.0000 
3,0.0000 ,0.0000 ,0.0000 ,0.0000 ,0.0000 ,1.0000 ,0.0000 ,1.0000 ,0.0000 ,0.0000 ,0.0000 ,0.0000 ,0.0000 ,0.0000 ,0.0000 ,0.0000 ,0.0000 ,0.0000 ,0.0000 ,9.2900 ,38.0000 ,173.0000 ,18.0000 
3,0.0000 ,5181.0000 ,1.0000 ,0.0000 ,0.0000 ,0.0000 ,0.0000 ,0.0000 ,0.0000 ,0.0000 ,0.0000 ,1.0000 ,0.0000 ,0.0000 ,0.0000 ,0.0000 ,0.0000 ,0.0000 ,0.0000 ,8.7300 ,22.0000 ,275.0000 ,5.0000 
3,0.0000 ,0.0000 ,0.0000 ,0.0000 ,0.0000 ,1.0000 ,0.0000 ,0.0000 ,0.0000 ,0.0000 ,0.0000 ,0.0000 ,0.0000 ,0.0000 ,1.0000 ,0.0000 ,0.0000 ,0.0000 ,0.0000 ,8.7500 ,16.0000 ,81.0000 ,20.0000 
3,0.0000 ,0.0000 ,0.0000 ,0.0000 ,1.0000 ,0.0000 ,0.0000 ,0.0000 ,0.0000 ,0.0000 ,0.0000 ,1.0000 ,0.0000 ,0.0000 ,0.0000 ,0.0000 ,0.0000 ,0.0000 ,0.0000 ,9.9000 ,10.0000 ,100.0000 ,6.0000 
3,0.0000 ,0.0000 ,0.0000 ,1.0000 ,0.0000 ,0.0000 ,1.0000 ,1.0000 ,0.0000 ,0.0000 ,0.0000 ,0.0000 ,0.0000 ,0.0000 ,0.0000 ,0.0000 ,1.0000 ,0.0000 ,0.0000 ,9.2700 ,15.0000 ,154.0000 ,5.0000 
3,0.0000 ,0.0000 ,0.0000 ,0.0000 ,0.0000 ,1.0000 ,0.0000 ,1.0000 ,0.0000 ,0.0000 ,0.0000 ,0.0000 ,0.0000 ,0.0000 ,0.0000 ,0.0000 ,0.0000 ,0.0000 ,0.0000 ,7.1000 ,21.0000 ,186.0000 ,12.0000 
3,0.0000 ,0.0000 ,0.0000 ,0.0000 ,0.0000 ,1.0000 ,0.0000 ,1.0000 ,0.0000 ,0.0000 ,1.0000 ,0.0000 ,0.0000 ,0.0000 ,0.0000 ,0.0000 ,0.0000 ,0.0000 ,0.0000 ,8.4300 ,7.0000 ,50.0000 ,9.0000 
3,0.0000 ,41499.0000 ,0.0000 ,0.0000 ,0.0000 ,1.0000 ,0.0000 ,0.0000 ,0.0000 ,0.0000 ,0.0000 ,0.0000 ,0.0000 ,0.0000 ,1.0000 ,0.0000 ,0.0000 ,0.0000 ,0.0000 ,7.7500 ,8.0000 ,35.0000 ,19.0000 
3,0.0000 ,633483.0000 ,0.0000 ,0.0000 ,0.0000 ,1.0000 ,0.0000 ,1.0000 ,0.0000 ,0.0000 ,0.0000 ,0.0000 ,0.0000 ,0.0000 ,0.0000 ,0.0000 ,0.0000 ,0.0000 ,0.0000 ,8.7300 ,33.0000 ,124.0000 ,12.0000 
3,0.0000 ,184.0000 ,1.0000 ,0.0000 ,0.0000 ,0.0000 ,0.0000 ,0.0000 ,0.0000 ,0.0000 ,0.0000 ,1.0000 ,0.0000 ,0.0000 ,0.0000 ,0.0000 ,0.0000 ,0.0000 ,0.0000 ,8.0000 ,10.0000 ,118.0000 ,10.0000 
3,0.0000 ,0.0000 ,0.0000 ,1.0000 ,0.0000 ,0.0000 ,0.0000 ,0.0000 ,0.0000 ,0.0000 ,0.0000 ,1.0000 ,0.0000 ,0.0000 ,0.0000 ,0.0000 ,0.0000 ,0.0000 ,0.0000 ,7.7600 ,17.0000 ,191.0000 ,11.0000 
3,0.0000 ,0.0000 ,1.0000 ,0.0000 ,0.0000 ,0.0000 ,0.0000 ,0.0000 ,0.0000 ,0.0000 ,0.0000 ,1.0000 ,0.0000 ,0.0000 ,0.0000 ,0.0000 ,0.0000 ,0.0000 ,0.0000 ,9.5500 ,20.0000 ,151.0000 ,16.0000 
3,0.0000 ,0.0000 ,0.0000 ,1.0000 ,0.0000 ,0.0000 ,0.0000 ,0.0000 ,0.0000 ,0.0000 ,0.0000 ,1.0000 ,0.0000 ,0.0000 ,0.0000 ,0.0000 ,0.0000 ,0.0000 ,0.0000 ,10.0000 ,3.0000 ,94.0000 ,2.0000 
3,0.0000 ,53127.0000 ,0.0000 ,0.0000 ,0.0000 ,1.0000 ,0.0000 ,0.0000 ,0.0000 ,0.0000 ,0.0000 ,0.0000 ,0.0000 ,0.0000 ,1.0000 ,0.0000 ,0.0000 ,0.0000 ,0.0000 ,10.0000 ,4.0000 ,34.0000 ,20.0000 
3,0.0000 ,0.0000 ,0.0000 ,0.0000 ,1.0000 ,0.0000 ,0.0000 ,1.0000 ,0.0000 ,0.0000 ,1.0000 ,0.0000 ,0.0000 ,0.0000 ,0.0000 ,0.0000 ,0.0000 ,0.0000 ,50.0000 ,8.2900 ,14.0000 ,362.0000 ,19.0000 
3,0.0000 ,0.0000 ,0.0000 ,1.0000 ,0.0000 ,0.0000 ,0.0000 ,0.0000 ,0.0000 ,0.0000 ,0.0000 ,0.0000 ,0.0000 ,1.0000 ,1.0000 ,0.0000 ,1.0000 ,0.0000 ,0.0000 ,9.4100 ,32.0000 ,145.0000 ,17.0000 
3,0.0000 ,0.0000 ,1.0000 ,0.0000 ,0.0000 ,0.0000 ,0.0000 ,0.0000 ,0.0000 ,0.0000 ,0.0000 ,1.0000 ,0.0000 ,0.0000 ,0.0000 ,0.0000 ,0.0000 ,0.0000 ,0.0000 ,9.3800 ,16.0000 ,486.0000 ,11.0000 
3,0.0000 ,0.0000 ,0.0000 ,0.0000 ,0.0000 ,1.0000 ,0.0000 ,1.0000 ,0.0000 ,0.0000 ,0.0000 ,0.0000 ,0.0000 ,0.0000 ,0.0000 ,0.0000 ,0.0000 ,0.0000 ,0.0000 ,6.8900 ,28.0000 ,103.0000 ,20.0000 
3,0.0000 ,0.0000 ,0.0000 ,0.0000 ,0.0000 ,1.0000 ,0.0000 ,0.0000 ,0.0000 ,0.0000 ,1.0000 ,0.0000 ,1.0000 ,0.0000 ,0.0000 ,0.0000 ,0.0000 ,0.0000 ,0.0000 ,8.3400 ,38.0000 ,478.0000 ,20.0000 
3,0.0000 ,41499.0000 ,0.0000 ,0.0000 ,0.0000 ,1.0000 ,0.0000 ,0.0000 ,0.0000 ,0.0000 ,0.0000 ,0.0000 ,0.0000 ,0.0000 ,1.0000 ,0.0000 ,0.0000 ,0.0000 ,0.0000 ,9.0000 ,3.0000 ,23.0000 ,19.0000 
3,0.0000 ,0.0000 ,0.0000 ,0.0000 ,0.0000 ,1.0000 ,0.0000 ,1.0000 ,0.0000 ,0.0000 ,0.0000 ,0.0000 ,0.0000 ,0.0000 ,0.0000 ,0.0000 ,0.0000 ,0.0000 ,0.0000 ,8.5800 ,12.0000 ,85.0000 ,10.0000 
3,0.0000 ,0.0000 ,0.0000 ,0.0000 ,0.0000 ,1.0000 ,0.0000 ,1.0000 ,0.0000 ,0.0000 ,0.0000 ,0.0000 ,0.0000 ,0.0000 ,1.0000 ,0.0000 ,0.0000 ,0.0000 ,0.0000 ,9.6000 ,5.0000 ,74.0000 ,20.0000 
3,0.0000 ,0.0000 ,0.0000 ,0.0000 ,0.0000 ,1.0000 ,0.0000 ,1.0000 ,0.0000 ,0.0000 ,0.0000 ,0.0000 ,0.0000 ,0.0000 ,0.0000 ,0.0000 ,0.0000 ,0.0000 ,0.0000 ,7.8700 ,62.0000 ,585.0000 ,6.0000 
4,0.0000 ,0.0000 ,0.0000 ,0.0000 ,0.0000 ,1.0000 ,0.0000 ,1.0000 ,0.0000 ,0.0000 ,0.0000 ,0.0000 ,0.0000 ,1.0000 ,0.0000 ,0.0000 ,1.0000 ,0.0000 ,0.0000 ,9.0000 ,10.0000 ,102.0000 ,4.0000 
4,0.0000 ,0.0000 ,0.0000 ,0.0000 ,1.0000 ,0.0000 ,0.0000 ,1.0000 ,0.0000 ,0.0000 ,0.0000 ,0.0000 ,0.0000 ,1.0000 ,1.0000 ,0.0000 ,0.0000 ,0.0000 ,0.0000 ,8.6700 ,9.0000 ,56.0000 ,5.0000 
4,0.0000 ,0.0000 ,0.0000 ,0.0000 ,0.0000 ,1.0000 ,0.0000 ,0.0000 ,0.0000 ,0.0000 ,0.0000 ,0.0000 ,0.0000 ,0.0000 ,1.0000 ,0.0000 ,0.0000 ,0.0000 ,0.0000 ,6.0000 ,1.0000 ,10.0000 ,20.0000 
4,0.0000 ,0.0000 ,0.0000 ,0.0000 ,1.0000 ,0.0000 ,0.0000 ,1.0000 ,0.0000 ,0.0000 ,0.0000 ,0.0000 ,0.0000 ,0.0000 ,1.0000 ,0.0000 ,0.0000 ,0.0000 ,0.0000 ,8.6300 ,19.0000 ,117.0000 ,8.0000 
4,0.0000 ,0.0000 ,0.0000 ,1.0000 ,0.0000 ,0.0000 ,0.0000 ,1.0000 ,0.0000 ,0.0000 ,0.0000 ,0.0000 ,0.0000 ,0.0000 ,0.0000 ,0.0000 ,0.0000 ,0.0000 ,0.0000 ,9.8000 ,20.0000 ,111.0000 ,4.0000 
4,0.0000 ,121.0000 ,0.0000 ,0.0000 ,1.0000 ,0.0000 ,0.0000 ,1.0000 ,0.0000 ,0.0000 ,0.0000 ,0.0000 ,0.0000 ,0.0000 ,0.0000 ,0.0000 ,0.0000 ,0.0000 ,0.0000 ,8.5700 ,14.0000 ,75.0000 ,9.0000 
4,0.0000 ,0.0000 ,1.0000 ,0.0000 ,0.0000 ,0.0000 ,0.0000 ,0.0000 ,0.0000 ,0.0000 ,0.0000 ,1.0000 ,0.0000 ,0.0000 ,0.0000 ,0.0000 ,0.0000 ,0.0000 ,0.0000 ,9.0000 ,6.0000 ,54.0000 ,9.0000 
4,0.0000 ,0.0000 ,0.0000 ,0.0000 ,0.0000 ,1.0000 ,0.0000 ,0.0000 ,0.0000 ,0.0000 ,0.0000 ,0.0000 ,0.0000 ,1.0000 ,1.0000 ,0.0000 ,0.0000 ,0.0000 ,0.0000 ,7.7200 ,36.0000 ,228.0000 ,21.0000 
4,0.0000 ,0.0000 ,0.0000 ,0.0000 ,1.0000 ,0.0000 ,0.0000 ,1.0000 ,0.0000 ,0.0000 ,0.0000 ,0.0000 ,0.0000 ,0.0000 ,0.0000 ,0.0000 ,0.0000 ,0.0000 ,0.0000 ,9.0000 ,6.0000 ,52.0000 ,3.0000 
4,0.0000 ,0.0000 ,0.0000 ,0.0000 ,0.0000 ,1.0000 ,0.0000 ,1.0000 ,0.0000 ,0.0000 ,0.0000 ,0.0000 ,0.0000 ,0.0000 ,1.0000 ,0.0000 ,0.0000 ,0.0000 ,0.0000 ,7.0500 ,60.0000 ,1605.0000 ,20.0000 
4,0.0000 ,52649.0000 ,0.0000 ,0.0000 ,1.0000 ,0.0000 ,0.0000 ,0.0000 ,0.0000 ,0.0000 ,0.0000 ,0.0000 ,0.0000 ,0.0000 ,0.0000 ,0.0000 ,1.0000 ,0.0000 ,0.0000 ,0.0000 ,0.0000 ,0.0000 ,2.0000 
4,0.0000 ,0.0000 ,0.0000 ,0.0000 ,0.0000 ,1.0000 ,0.0000 ,0.0000 ,0.0000 ,0.0000 ,0.0000 ,0.0000 ,0.0000 ,1.0000 ,1.0000 ,0.0000 ,0.0000 ,0.0000 ,0.0000 ,8.2000 ,5.0000 ,34.0000 ,21.0000 
4,0.0000 ,0.0000 ,0.0000 ,0.0000 ,0.0000 ,1.0000 ,0.0000 ,1.0000 ,0.0000 ,0.0000 ,0.0000 ,0.0000 ,0.0000 ,0.0000 ,1.0000 ,0.0000 ,0.0000 ,0.0000 ,0.0000 ,7.2000 ,5.0000 ,52.0000 ,20.0000 
4,0.0000 ,0.0000 ,0.0000 ,0.0000 ,0.0000 ,1.0000 ,0.0000 ,0.0000 ,0.0000 ,0.0000 ,1.0000 ,0.0000 ,0.0000 ,0.0000 ,0.0000 ,0.0000 ,1.0000 ,0.0000 ,0.0000 ,8.8200 ,11.0000 ,162.0000 ,20.0000 
4,0.0000 ,14765.0000 ,0.0000 ,0.0000 ,1.0000 ,0.0000 ,0.0000 ,0.0000 ,0.0000 ,0.0000 ,0.0000 ,1.0000 ,0.0000 ,0.0000 ,0.0000 ,0.0000 ,0.0000 ,0.0000 ,0.0000 ,9.8000 ,10.0000 ,148.0000 ,15.0000 
4,0.0000 ,0.0000 ,0.0000 ,0.0000 ,0.0000 ,1.0000 ,0.0000 ,0.0000 ,0.0000 ,0.0000 ,0.0000 ,0.0000 ,0.0000 ,0.0000 ,1.0000 ,0.0000 ,0.0000 ,0.0000 ,0.0000 ,8.6700 ,3.0000 ,64.0000 ,20.0000 
4,0.0000 ,0.0000 ,0.0000 ,0.0000 ,0.0000 ,1.0000 ,0.0000 ,1.0000 ,0.0000 ,0.0000 ,0.0000 ,0.0000 ,0.0000 ,0.0000 ,0.0000 ,0.0000 ,0.0000 ,0.0000 ,0.0000 ,6.8600 ,63.0000 ,388.0000 ,3.0000 
4,0.0000 ,3781.0000 ,0.0000 ,0.0000 ,0.0000 ,1.0000 ,0.0000 ,1.0000 ,0.0000 ,0.0000 ,0.0000 ,0.0000 ,0.0000 ,1.0000 ,0.0000 ,0.0000 ,0.0000 ,0.0000 ,0.0000 ,9.5000 ,8.0000 ,26.0000 ,20.0000 
4,0.0000 ,0.0000 ,0.0000 ,0.0000 ,0.0000 ,1.0000 ,0.0000 ,1.0000 ,0.0000 ,0.0000 ,0.0000 ,0.0000 ,1.0000 ,0.0000 ,0.0000 ,0.0000 ,0.0000 ,0.0000 ,0.0000 ,10.0000 ,10.0000 ,28.0000 ,20.0000 
4,0.0000 ,0.0000 ,0.0000 ,0.0000 ,0.0000 ,1.0000 ,0.0000 ,1.0000 ,0.0000 ,0.0000 ,0.0000 ,0.0000 ,0.0000 ,0.0000 ,0.0000 ,0.0000 ,0.0000 ,0.0000 ,0.0000 ,8.4300 ,7.0000 ,80.0000 ,7.0000 
4,0.0000 ,0.0000 ,0.0000 ,0.0000 ,0.0000 ,1.0000 ,0.0000 ,1.0000 ,0.0000 ,0.0000 ,0.0000 ,0.0000 ,0.0000 ,0.0000 ,1.0000 ,0.0000 ,0.0000 ,0.0000 ,0.0000 ,0.0000 ,0.0000 ,0.0000 ,20.0000 
4,0.0000 ,0.0000 ,0.0000 ,0.0000 ,0.0000 ,1.0000 ,0.0000 ,1.0000 ,1.0000 ,0.0000 ,0.0000 ,0.0000 ,0.0000 ,1.0000 ,0.0000 ,0.0000 ,0.0000 ,0.0000 ,0.0000 ,8.3600 ,33.0000 ,193.0000 ,2.0000 
4,0.0000 ,0.0000 ,0.0000 ,0.0000 ,1.0000 ,0.0000 ,0.0000 ,0.0000 ,0.0000 ,0.0000 ,0.0000 ,1.0000 ,0.0000 ,0.0000 ,0.0000 ,0.0000 ,0.0000 ,0.0000 ,0.0000 ,8.3300 ,6.0000 ,101.0000 ,4.0000 
4,0.0000 ,41499.0000 ,0.0000 ,0.0000 ,0.0000 ,1.0000 ,0.0000 ,0.0000 ,0.0000 ,0.0000 ,0.0000 ,0.0000 ,0.0000 ,0.0000 ,1.0000 ,0.0000 ,0.0000 ,0.0000 ,0.0000 ,0.0000 ,0.0000 ,11.0000 ,5.0000 
4,0.0000 ,0.0000 ,0.0000 ,1.0000 ,0.0000 ,0.0000 ,0.0000 ,0.0000 ,0.0000 ,0.0000 ,0.0000 ,1.0000 ,0.0000 ,0.0000 ,0.0000 ,0.0000 ,0.0000 ,0.0000 ,0.0000 ,8.4300 ,37.0000 ,518.0000 ,6.0000 
4,0.0000 ,27879.0000 ,0.0000 ,0.0000 ,0.0000 ,1.0000 ,0.0000 ,1.0000 ,0.0000 ,0.0000 ,0.0000 ,0.0000 ,0.0000 ,1.0000 ,0.0000 ,0.0000 ,1.0000 ,0.0000 ,0.0000 ,8.7500 ,4.0000 ,58.0000 ,4.0000 
4,0.0000 ,5181.0000 ,1.0000 ,0.0000 ,0.0000 ,0.0000 ,0.0000 ,0.0000 ,0.0000 ,0.0000 ,0.0000 ,1.0000 ,0.0000 ,0.0000 ,0.0000 ,0.0000 ,0.0000 ,0.0000 ,0.0000 ,9.1200 ,8.0000 ,88.0000 ,4.0000 
4,0.0000 ,0.0000 ,0.0000 ,0.0000 ,0.0000 ,1.0000 ,0.0000 ,1.0000 ,0.0000 ,0.0000 ,0.0000 ,0.0000 ,0.0000 ,0.0000 ,1.0000 ,0.0000 ,0.0000 ,0.0000 ,0.0000 ,9.1200 ,8.0000 ,129.0000 ,20.0000 
4,0.0000 ,41499.0000 ,0.0000 ,0.0000 ,0.0000 ,1.0000 ,0.0000 ,0.0000 ,0.0000 ,0.0000 ,0.0000 ,0.0000 ,1.0000 ,0.0000 ,1.0000 ,0.0000 ,0.0000 ,0.0000 ,0.0000 ,10.0000 ,2.0000 ,17.0000 ,20.0000 
4,0.0000 ,0.0000 ,0.0000 ,0.0000 ,0.0000 ,1.0000 ,0.0000 ,1.0000 ,0.0000 ,0.0000 ,0.0000 ,0.0000 ,0.0000 ,0.0000 ,0.0000 ,0.0000 ,0.0000 ,0.0000 ,0.0000 ,10.0000 ,5.0000 ,27.0000 ,19.0000 
4,0.0000 ,124.0000 ,1.0000 ,0.0000 ,0.0000 ,0.0000 ,0.0000 ,1.0000 ,0.0000 ,0.0000 ,0.0000 ,1.0000 ,0.0000 ,0.0000 ,0.0000 ,0.0000 ,0.0000 ,0.0000 ,0.0000 ,9.5200 ,37.0000 ,89.0000 ,1.0000 
4,0.0000 ,0.0000 ,0.0000 ,0.0000 ,0.0000 ,1.0000 ,0.0000 ,1.0000 ,0.0000 ,0.0000 ,0.0000 ,0.0000 ,0.0000 ,0.0000 ,1.0000 ,0.0000 ,0.0000 ,0.0000 ,0.0000 ,7.8900 ,9.0000 ,22.0000 ,20.0000 
4,0.0000 ,0.0000 ,1.0000 ,0.0000 ,0.0000 ,0.0000 ,0.0000 ,0.0000 ,0.0000 ,0.0000 ,0.0000 ,1.0000 ,0.0000 ,0.0000 ,0.0000 ,0.0000 ,0.0000 ,0.0000 ,0.0000 ,7.7100 ,7.0000 ,176.0000 ,5.0000 
4,0.0000 ,0.0000 ,0.0000 ,0.0000 ,0.0000 ,1.0000 ,0.0000 ,1.0000 ,0.0000 ,0.0000 ,0.0000 ,0.0000 ,0.0000 ,0.0000 ,0.0000 ,0.0000 ,0.0000 ,0.0000 ,0.0000 ,0.0000 ,0.0000 ,0.0000 ,5.0000 
4,0.0000 ,26.0000 ,0.0000 ,0.0000 ,1.0000 ,0.0000 ,0.0000 ,1.0000 ,0.0000 ,0.0000 ,0.0000 ,0.0000 ,0.0000 ,0.0000 ,0.0000 ,0.0000 ,0.0000 ,0.0000 ,0.0000 ,9.2500 ,28.0000 ,194.0000 ,8.0000 
4,0.0000 ,41499.0000 ,0.0000 ,0.0000 ,0.0000 ,1.0000 ,0.0000 ,0.0000 ,0.0000 ,0.0000 ,0.0000 ,0.0000 ,0.0000 ,0.0000 ,1.0000 ,0.0000 ,0.0000 ,0.0000 ,0.0000 ,4.0000 ,3.0000 ,44.0000 ,20.0000 
4,0.0000 ,0.0000 ,0.0000 ,0.0000 ,1.0000 ,0.0000 ,0.0000 ,1.0000 ,0.0000 ,0.0000 ,0.0000 ,0.0000 ,0.0000 ,0.0000 ,0.0000 ,0.0000 ,0.0000 ,0.0000 ,0.0000 ,8.9500 ,21.0000 ,124.0000 ,18.0000 
4,0.0000 ,0.0000 ,0.0000 ,0.0000 ,0.0000 ,1.0000 ,1.0000 ,0.0000 ,0.0000 ,0.0000 ,0.0000 ,0.0000 ,0.0000 ,0.0000 ,0.0000 ,0.0000 ,0.0000 ,0.0000 ,0.0000 ,5.9500 ,22.0000 ,99.0000 ,20.0000 
4,0.0000 ,0.0000 ,0.0000 ,0.0000 ,0.0000 ,1.0000 ,0.0000 ,1.0000 ,0.0000 ,0.0000 ,0.0000 ,0.0000 ,0.0000 ,1.0000 ,0.0000 ,0.0000 ,0.0000 ,0.0000 ,0.0000 ,6.4700 ,34.0000 ,241.0000 ,20.0000 
4,0.0000 ,0.0000 ,0.0000 ,1.0000 ,0.0000 ,0.0000 ,0.0000 ,1.0000 ,0.0000 ,0.0000 ,0.0000 ,0.0000 ,0.0000 ,0.0000 ,0.0000 ,0.0000 ,0.0000 ,0.0000 ,0.0000 ,9.8000 ,5.0000 ,112.0000 ,3.0000 
4,0.0000 ,0.0000 ,0.0000 ,0.0000 ,0.0000 ,1.0000 ,0.0000 ,1.0000 ,0.0000 ,0.0000 ,0.0000 ,0.0000 ,0.0000 ,0.0000 ,1.0000 ,0.0000 ,0.0000 ,0.0000 ,33.0000 ,8.1100 ,9.0000 ,147.0000 ,20.0000 
4,0.0000 ,0.0000 ,0.0000 ,0.0000 ,0.0000 ,1.0000 ,0.0000 ,0.0000 ,0.0000 ,0.0000 ,0.0000 ,0.0000 ,0.0000 ,1.0000 ,0.0000 ,0.0000 ,1.0000 ,0.0000 ,0.0000 ,7.2900 ,31.0000 ,135.0000 ,4.0000 
4,0.0000 ,41499.0000 ,0.0000 ,0.0000 ,0.0000 ,1.0000 ,0.0000 ,0.0000 ,0.0000 ,0.0000 ,0.0000 ,0.0000 ,1.0000 ,0.0000 ,1.0000 ,0.0000 ,0.0000 ,0.0000 ,0.0000 ,10.0000 ,1.0000 ,1.0000 ,20.0000 
4,0.0000 ,0.0000 ,0.0000 ,0.0000 ,0.0000 ,1.0000 ,0.0000 ,0.0000 ,0.0000 ,0.0000 ,0.0000 ,0.0000 ,0.0000 ,1.0000 ,1.0000 ,0.0000 ,0.0000 ,0.0000 ,0.0000 ,5.3300 ,3.0000 ,57.0000 ,20.0000 
4,0.0000 ,0.0000 ,0.0000 ,1.0000 ,0.0000 ,0.0000 ,0.0000 ,1.0000 ,0.0000 ,0.0000 ,0.0000 ,0.0000 ,0.0000 ,0.0000 ,0.0000 ,0.0000 ,0.0000 ,0.0000 ,0.0000 ,10.0000 ,6.0000 ,140.0000 ,1.0000 
4,0.0000 ,41499.0000 ,0.0000 ,0.0000 ,0.0000 ,1.0000 ,0.0000 ,0.0000 ,0.0000 ,0.0000 ,0.0000 ,0.0000 ,1.0000 ,0.0000 ,1.0000 ,0.0000 ,0.0000 ,0.0000 ,0.0000 ,8.5700 ,14.0000 ,69.0000 ,21.0000 
4,0.0000 ,0.0000 ,0.0000 ,0.0000 ,0.0000 ,1.0000 ,0.0000 ,1.0000 ,0.0000 ,0.0000 ,0.0000 ,0.0000 ,0.0000 ,0.0000 ,1.0000 ,0.0000 ,0.0000 ,0.0000 ,0.0000 ,5.5000 ,2.0000 ,6.0000 ,5.0000 
4,0.0000 ,0.0000 ,0.0000 ,0.0000 ,0.0000 ,1.0000 ,0.0000 ,0.0000 ,0.0000 ,0.0000 ,0.0000 ,0.0000 ,0.0000 ,1.0000 ,1.0000 ,0.0000 ,0.0000 ,0.0000 ,0.0000 ,3.2500 ,20.0000 ,136.0000 ,5.0000 
4,0.0000 ,0.0000 ,1.0000 ,0.0000 ,0.0000 ,0.0000 ,0.0000 ,0.0000 ,0.0000 ,0.0000 ,0.0000 ,1.0000 ,0.0000 ,0.0000 ,0.0000 ,0.0000 ,0.0000 ,20.0000 ,0.0000 ,9.6700 ,3.0000 ,123.0000 ,5.0000 
4,0.0000 ,2.0000 ,0.0000 ,0.0000 ,0.0000 ,1.0000 ,0.0000 ,0.0000 ,0.0000 ,0.0000 ,0.0000 ,0.0000 ,0.0000 ,0.0000 ,0.0000 ,0.0000 ,1.0000 ,0.0000 ,0.0000 ,8.3800 ,37.0000 ,119.0000 ,3.0000 
4,0.0000 ,0.0000 ,0.0000 ,0.0000 ,0.0000 ,1.0000 ,0.0000 ,0.0000 ,0.0000 ,0.0000 ,0.0000 ,0.0000 ,0.0000 ,0.0000 ,1.0000 ,0.0000 ,0.0000 ,0.0000 ,0.0000 ,2.5500 ,11.0000 ,47.0000 ,20.0000 
4,0.0000 ,41499.0000 ,0.0000 ,0.0000 ,0.0000 ,1.0000 ,0.0000 ,1.0000 ,0.0000 ,0.0000 ,0.0000 ,0.0000 ,0.0000 ,0.0000 ,1.0000 ,0.0000 ,0.0000 ,0.0000 ,0.0000 ,4.8300 ,6.0000 ,28.0000 ,19.0000 
4,0.0000 ,0.0000 ,1.0000 ,0.0000 ,0.0000 ,0.0000 ,0.0000 ,0.0000 ,0.0000 ,0.0000 ,0.0000 ,0.0000 ,0.0000 ,0.0000 ,0.0000 ,0.0000 ,1.0000 ,0.0000 ,0.0000 ,0.0000 ,0.0000 ,3.0000 ,7.0000 
4,0.0000 ,41499.0000 ,0.0000 ,0.0000 ,0.0000 ,1.0000 ,0.0000 ,1.0000 ,0.0000 ,0.0000 ,0.0000 ,0.0000 ,0.0000 ,0.0000 ,1.0000 ,0.0000 ,0.0000 ,0.0000 ,0.0000 ,1.0000 ,1.0000 ,4.0000 ,20.0000 
4,0.0000 ,0.0000 ,0.0000 ,0.0000 ,0.0000 ,1.0000 ,0.0000 ,0.0000 ,0.0000 ,0.0000 ,0.0000 ,0.0000 ,0.0000 ,0.0000 ,1.0000 ,0.0000 ,0.0000 ,0.0000 ,0.0000 ,9.3800 ,16.0000 ,81.0000 ,20.0000 
4,0.0000 ,41499.0000 ,0.0000 ,0.0000 ,0.0000 ,1.0000 ,0.0000 ,0.0000 ,0.0000 ,0.0000 ,0.0000 ,0.0000 ,0.0000 ,0.0000 ,1.0000 ,0.0000 ,0.0000 ,0.0000 ,0.0000 ,4.5000 ,2.0000 ,12.0000 ,20.0000 
4,0.0000 ,275.0000 ,0.0000 ,0.0000 ,0.0000 ,1.0000 ,0.0000 ,0.0000 ,0.0000 ,0.0000 ,1.0000 ,0.0000 ,1.0000 ,0.0000 ,0.0000 ,0.0000 ,0.0000 ,0.0000 ,0.0000 ,5.7200 ,39.0000 ,68.0000 ,5.0000 
4,0.0000 ,0.0000 ,0.0000 ,0.0000 ,0.0000 ,1.0000 ,0.0000 ,0.0000 ,0.0000 ,0.0000 ,0.0000 ,0.0000 ,0.0000 ,0.0000 ,1.0000 ,0.0000 ,0.0000 ,0.0000 ,0.0000 ,0.0000 ,0.0000 ,8.0000 ,20.0000 
4,0.0000 ,0.0000 ,0.0000 ,0.0000 ,0.0000 ,1.0000 ,0.0000 ,0.0000 ,0.0000 ,0.0000 ,0.0000 ,0.0000 ,0.0000 ,0.0000 ,1.0000 ,0.0000 ,0.0000 ,0.0000 ,0.0000 ,7.8400 ,121.0000 ,1179.0000 ,19.0000 
4,0.0000 ,0.0000 ,0.0000 ,0.0000 ,0.0000 ,1.0000 ,0.0000 ,1.0000 ,0.0000 ,0.0000 ,0.0000 ,0.0000 ,0.0000 ,0.0000 ,0.0000 ,0.0000 ,0.0000 ,0.0000 ,0.0000 ,9.6000 ,16.0000 ,93.0000 ,10.0000 
4,0.0000 ,765833.0000 ,0.0000 ,0.0000 ,0.0000 ,1.0000 ,0.0000 ,1.0000 ,0.0000 ,0.0000 ,0.0000 ,0.0000 ,0.0000 ,0.0000 ,0.0000 ,0.0000 ,0.0000 ,0.0000 ,72.0000 ,9.4000 ,58.0000 ,637.0000 ,2.0000 
4,0.0000 ,0.0000 ,0.0000 ,0.0000 ,0.0000 ,1.0000 ,0.0000 ,0.0000 ,0.0000 ,0.0000 ,0.0000 ,0.0000 ,0.0000 ,0.0000 ,1.0000 ,0.0000 ,0.0000 ,0.0000 ,0.0000 ,8.3600 ,14.0000 ,86.0000 ,21.0000 
4,0.0000 ,0.0000 ,0.0000 ,1.0000 ,0.0000 ,0.0000 ,0.0000 ,1.0000 ,0.0000 ,0.0000 ,0.0000 ,0.0000 ,0.0000 ,0.0000 ,0.0000 ,0.0000 ,0.0000 ,0.0000 ,0.0000 ,10.0000 ,14.0000 ,160.0000 ,5.0000 
4,0.0000 ,0.0000 ,0.0000 ,0.0000 ,0.0000 ,1.0000 ,0.0000 ,0.0000 ,0.0000 ,0.0000 ,0.0000 ,0.0000 ,1.0000 ,0.0000 ,1.0000 ,0.0000 ,0.0000 ,0.0000 ,0.0000 ,9.8300 ,23.0000 ,218.0000 ,21.0000 
4,0.0000 ,0.0000 ,0.0000 ,1.0000 ,0.0000 ,0.0000 ,0.0000 ,0.0000 ,0.0000 ,0.0000 ,0.0000 ,0.0000 ,0.0000 ,1.0000 ,1.0000 ,0.0000 ,0.0000 ,0.0000 ,0.0000 ,6.7000 ,20.0000 ,214.0000 ,4.0000 
4,0.0000 ,0.0000 ,0.0000 ,0.0000 ,0.0000 ,1.0000 ,0.0000 ,0.0000 ,0.0000 ,0.0000 ,0.0000 ,0.0000 ,0.0000 ,0.0000 ,1.0000 ,0.0000 ,0.0000 ,0.0000 ,0.0000 ,6.4900 ,41.0000 ,309.0000 ,21.0000 
4,0.0000 ,0.0000 ,0.0000 ,0.0000 ,0.0000 ,1.0000 ,0.0000 ,0.0000 ,0.0000 ,0.0000 ,0.0000 ,0.0000 ,0.0000 ,0.0000 ,1.0000 ,0.0000 ,0.0000 ,0.0000 ,0.0000 ,7.3000 ,20.0000 ,94.0000 ,20.0000 
4,0.0000 ,0.0000 ,1.0000 ,0.0000 ,0.0000 ,0.0000 ,0.0000 ,0.0000 ,0.0000 ,0.0000 ,0.0000 ,1.0000 ,0.0000 ,0.0000 ,0.0000 ,0.0000 ,0.0000 ,0.0000 ,65.0000 ,10.0000 ,19.0000 ,90.0000 ,4.0000 
4,0.0000 ,0.0000 ,0.0000 ,0.0000 ,0.0000 ,1.0000 ,0.0000 ,1.0000 ,0.0000 ,0.0000 ,0.0000 ,0.0000 ,0.0000 ,1.0000 ,1.0000 ,0.0000 ,0.0000 ,0.0000 ,0.0000 ,10.0000 ,1.0000 ,30.0000 ,21.0000 
4,0.0000 ,0.0000 ,0.0000 ,1.0000 ,0.0000 ,0.0000 ,0.0000 ,1.0000 ,0.0000 ,0.0000 ,0.0000 ,0.0000 ,0.0000 ,0.0000 ,0.0000 ,0.0000 ,0.0000 ,0.0000 ,0.0000 ,8.0000 ,20.0000 ,181.0000 ,10.0000 
4,0.0000 ,0.0000 ,0.0000 ,0.0000 ,0.0000 ,1.0000 ,0.0000 ,0.0000 ,0.0000 ,0.0000 ,0.0000 ,0.0000 ,1.0000 ,0.0000 ,0.0000 ,0.0000 ,0.0000 ,0.0000 ,0.0000 ,9.7500 ,4.0000 ,32.0000 ,20.0000 
4,0.0000 ,0.0000 ,0.0000 ,0.0000 ,0.0000 ,1.0000 ,0.0000 ,1.0000 ,0.0000 ,0.0000 ,0.0000 ,0.0000 ,0.0000 ,0.0000 ,1.0000 ,0.0000 ,0.0000 ,0.0000 ,0.0000 ,8.0000 ,1.0000 ,73.0000 ,5.0000 
4,0.0000 ,0.0000 ,0.0000 ,0.0000 ,0.0000 ,1.0000 ,0.0000 ,1.0000 ,0.0000 ,0.0000 ,0.0000 ,0.0000 ,0.0000 ,0.0000 ,1.0000 ,0.0000 ,0.0000 ,0.0000 ,0.0000 ,9.7700 ,22.0000 ,98.0000 ,3.0000 
4,0.0000 ,0.0000 ,0.0000 ,0.0000 ,0.0000 ,1.0000 ,0.0000 ,0.0000 ,1.0000 ,1.0000 ,0.0000 ,0.0000 ,0.0000 ,0.0000 ,0.0000 ,0.0000 ,0.0000 ,0.0000 ,0.0000 ,8.0000 ,9.0000 ,55.0000 ,5.0000 
4,0.0000 ,0.0000 ,1.0000 ,0.0000 ,0.0000 ,0.0000 ,0.0000 ,1.0000 ,0.0000 ,0.0000 ,0.0000 ,0.0000 ,0.0000 ,0.0000 ,0.0000 ,0.0000 ,0.0000 ,0.0000 ,24.0000 ,9.0500 ,22.0000 ,143.0000 ,3.0000 
4,0.0000 ,0.0000 ,0.0000 ,0.0000 ,1.0000 ,0.0000 ,0.0000 ,0.0000 ,0.0000 ,0.0000 ,0.0000 ,1.0000 ,0.0000 ,0.0000 ,0.0000 ,0.0000 ,0.0000 ,0.0000 ,0.0000 ,3.0800 ,2452.0000 ,8929.0000 ,4.0000 
4,0.0000 ,0.0000 ,1.0000 ,0.0000 ,0.0000 ,0.0000 ,0.0000 ,0.0000 ,0.0000 ,0.0000 ,0.0000 ,1.0000 ,0.0000 ,0.0000 ,0.0000 ,0.0000 ,0.0000 ,0.0000 ,0.0000 ,8.6300 ,19.0000 ,65.0000 ,3.0000 
4,0.0000 ,0.0000 ,0.0000 ,0.0000 ,0.0000 ,1.0000 ,0.0000 ,0.0000 ,0.0000 ,0.0000 ,0.0000 ,0.0000 ,0.0000 ,0.0000 ,0.0000 ,1.0000 ,0.0000 ,0.0000 ,0.0000 ,10.0000 ,3.0000 ,68.0000 ,1.0000 
4,0.0000 ,0.0000 ,0.0000 ,0.0000 ,0.0000 ,1.0000 ,0.0000 ,0.0000 ,0.0000 ,0.0000 ,0.0000 ,0.0000 ,0.0000 ,0.0000 ,0.0000 ,1.0000 ,0.0000 ,0.0000 ,0.0000 ,6.0000 ,2.0000 ,50.0000 ,1.0000 
4,0.0000 ,0.0000 ,0.0000 ,0.0000 ,0.0000 ,1.0000 ,0.0000 ,0.0000 ,0.0000 ,0.0000 ,0.0000 ,0.0000 ,1.0000 ,0.0000 ,0.0000 ,0.0000 ,0.0000 ,0.0000 ,0.0000 ,8.5400 ,13.0000 ,119.0000 ,3.0000 
4,0.0000 ,0.0000 ,0.0000 ,1.0000 ,0.0000 ,0.0000 ,0.0000 ,1.0000 ,0.0000 ,0.0000 ,0.0000 ,0.0000 ,0.0000 ,0.0000 ,0.0000 ,0.0000 ,0.0000 ,0.0000 ,0.0000 ,1.0000 ,2.0000 ,9.0000 ,1.0000 
4,0.0000 ,0.0000 ,0.0000 ,0.0000 ,0.0000 ,1.0000 ,0.0000 ,1.0000 ,0.0000 ,0.0000 ,0.0000 ,0.0000 ,0.0000 ,0.0000 ,1.0000 ,0.0000 ,0.0000 ,0.0000 ,0.0000 ,6.8000 ,5.0000 ,39.0000 ,3.0000 
4,0.0000 ,0.0000 ,0.0000 ,1.0000 ,0.0000 ,0.0000 ,0.0000 ,0.0000 ,0.0000 ,0.0000 ,0.0000 ,1.0000 ,0.0000 ,0.0000 ,0.0000 ,0.0000 ,0.0000 ,0.0000 ,0.0000 ,9.3600 ,14.0000 ,104.0000 ,3.0000 
4,0.0000 ,0.0000 ,0.0000 ,0.0000 ,0.0000 ,1.0000 ,0.0000 ,0.0000 ,1.0000 ,0.0000 ,0.0000 ,0.0000 ,0.0000 ,0.0000 ,1.0000 ,0.0000 ,0.0000 ,0.0000 ,0.0000 ,4.9500 ,64.0000 ,245.0000 ,1.0000 
4,0.0000 ,5057.0000 ,0.0000 ,0.0000 ,0.0000 ,1.0000 ,0.0000 ,1.0000 ,0.0000 ,0.0000 ,0.0000 ,0.0000 ,0.0000 ,0.0000 ,0.0000 ,0.0000 ,0.0000 ,0.0000 ,0.0000 ,7.5100 ,69.0000 ,598.0000 ,1.0000 
4,0.0000 ,0.0000 ,0.0000 ,0.0000 ,0.0000 ,1.0000 ,0.0000 ,1.0000 ,0.0000 ,0.0000 ,0.0000 ,0.0000 ,0.0000 ,0.0000 ,1.0000 ,0.0000 ,0.0000 ,0.0000 ,0.0000 ,4.3300 ,3.0000 ,50.0000 ,2.0000 
4,0.0000 ,0.0000 ,0.0000 ,1.0000 ,0.0000 ,0.0000 ,0.0000 ,1.0000 ,0.0000 ,0.0000 ,0.0000 ,0.0000 ,0.0000 ,0.0000 ,0.0000 ,0.0000 ,0.0000 ,0.0000 ,0.0000 ,9.0500 ,19.0000 ,57.0000 ,5.0000 
4,0.0000 ,0.0000 ,0.0000 ,0.0000 ,1.0000 ,0.0000 ,0.0000 ,1.0000 ,0.0000 ,0.0000 ,0.0000 ,0.0000 ,0.0000 ,0.0000 ,0.0000 ,0.0000 ,0.0000 ,0.0000 ,0.0000 ,8.8800 ,8.0000 ,58.0000 ,1.0000 
4,0.0000 ,0.0000 ,0.0000 ,0.0000 ,0.0000 ,1.0000 ,0.0000 ,0.0000 ,1.0000 ,0.0000 ,0.0000 ,0.0000 ,0.0000 ,0.0000 ,0.0000 ,0.0000 ,0.0000 ,0.0000 ,0.0000 ,9.8000 ,5.0000 ,65.0000 ,1.0000 
4,0.0000 ,0.0000 ,0.0000 ,0.0000 ,0.0000 ,1.0000 ,0.0000 ,0.0000 ,0.0000 ,0.0000 ,0.0000 ,0.0000 ,1.0000 ,0.0000 ,0.0000 ,0.0000 ,0.0000 ,0.0000 ,0.0000 ,5.2000 ,5.0000 ,17.0000 ,5.0000 
4,0.0000 ,0.0000 ,0.0000 ,0.0000 ,1.0000 ,0.0000 ,0.0000 ,1.0000 ,0.0000 ,0.0000 ,0.0000 ,0.0000 ,0.0000 ,0.0000 ,0.0000 ,0.0000 ,0.0000 ,0.0000 ,0.0000 ,9.3300 ,3.0000 ,55.0000 ,1.0000 
4,0.0000 ,633483.0000 ,1.0000 ,0.0000 ,0.0000 ,0.0000 ,0.0000 ,0.0000 ,0.0000 ,0.0000 ,0.0000 ,1.0000 ,0.0000 ,0.0000 ,0.0000 ,0.0000 ,0.0000 ,0.0000 ,0.0000 ,0.0000 ,0.0000 ,13.0000 ,2.0000 
4,0.0000 ,0.0000 ,0.0000 ,0.0000 ,0.0000 ,1.0000 ,0.0000 ,0.0000 ,0.0000 ,0.0000 ,0.0000 ,0.0000 ,1.0000 ,0.0000 ,0.0000 ,0.0000 ,0.0000 ,0.0000 ,132.0000 ,4.2900 ,7.0000 ,37.0000 ,5.0000 
4,0.0000 ,0.0000 ,1.0000 ,0.0000 ,0.0000 ,0.0000 ,0.0000 ,0.0000 ,0.0000 ,0.0000 ,0.0000 ,0.0000 ,0.0000 ,1.0000 ,0.0000 ,0.0000 ,0.0000 ,0.0000 ,0.0000 ,8.3800 ,55.0000 ,202.0000 ,6.0000 
4,0.0000 ,0.0000 ,0.0000 ,1.0000 ,0.0000 ,0.0000 ,0.0000 ,1.0000 ,0.0000 ,0.0000 ,0.0000 ,0.0000 ,0.0000 ,0.0000 ,0.0000 ,0.0000 ,0.0000 ,0.0000 ,0.0000 ,3.1000 ,67.0000 ,173.0000 ,3.0000 
4,0.0000 ,0.0000 ,0.0000 ,0.0000 ,0.0000 ,1.0000 ,0.0000 ,1.0000 ,0.0000 ,0.0000 ,0.0000 ,0.0000 ,0.0000 ,0.0000 ,0.0000 ,0.0000 ,0.0000 ,0.0000 ,0.0000 ,0.0000 ,0.0000 ,0.0000 ,3.0000 
4,0.0000 ,0.0000 ,0.0000 ,0.0000 ,0.0000 ,1.0000 ,0.0000 ,1.0000 ,0.0000 ,0.0000 ,0.0000 ,0.0000 ,0.0000 ,0.0000 ,0.0000 ,0.0000 ,0.0000 ,0.0000 ,0.0000 ,8.9600 ,28.0000 ,88.0000 ,1.0000 
4,0.0000 ,0.0000 ,0.0000 ,0.0000 ,0.0000 ,1.0000 ,0.0000 ,1.0000 ,0.0000 ,0.0000 ,0.0000 ,0.0000 ,0.0000 ,0.0000 ,1.0000 ,0.0000 ,0.0000 ,0.0000 ,0.0000 ,0.0000 ,0.0000 ,0.0000 ,5.0000 
4,0.0000 ,0.0000 ,0.0000 ,0.0000 ,0.0000 ,1.0000 ,0.0000 ,1.0000 ,0.0000 ,0.0000 ,0.0000 ,0.0000 ,0.0000 ,0.0000 ,0.0000 ,0.0000 ,0.0000 ,0.0000 ,0.0000 ,9.0000 ,4.0000 ,32.0000 ,2.0000 
4,0.0000 ,6432.0000 ,0.0000 ,0.0000 ,0.0000 ,1.0000 ,0.0000 ,0.0000 ,1.0000 ,0.0000 ,0.0000 ,0.0000 ,0.0000 ,0.0000 ,0.0000 ,0.0000 ,0.0000 ,0.0000 ,19.0000 ,7.0400 ,25.0000 ,205.0000 ,7.0000 
4,0.0000 ,0.0000 ,0.0000 ,0.0000 ,0.0000 ,1.0000 ,0.0000 ,1.0000 ,0.0000 ,0.0000 ,0.0000 ,0.0000 ,0.0000 ,0.0000 ,0.0000 ,0.0000 ,0.0000 ,0.0000 ,0.0000 ,7.2000 ,10.0000 ,31.0000 ,1.0000 
4,0.0000 ,0.0000 ,0.0000 ,0.0000 ,1.0000 ,0.0000 ,0.0000 ,1.0000 ,0.0000 ,0.0000 ,0.0000 ,0.0000 ,0.0000 ,1.0000 ,1.0000 ,0.0000 ,0.0000 ,0.0000 ,0.0000 ,9.4600 ,28.0000 ,146.0000 ,3.0000 
